data;demonstrativo;uf;cod_completo;populacao;coluna;cod_conta;conta;valor;mes_num;ano;bimestre;cd_municipio;capital;nome_municipio;cd_uf
2021-09-01;RREO;AL;2704302;1031597;<MR-11>;ReceitasCorrentesLiquidasExcetoTransferenciasEFUNDEB;RECEITAS CORRENTES (I);231827992.57;9;2021;5;270430;sim;Maceió;27
2021-10-01;RREO;AL;2704302;1031597;<MR-10>;ReceitasCorrentesLiquidasExcetoTransferenciasEFUNDEB;RECEITAS CORRENTES (I);225934522.19;10;2021;5;270430;sim;Maceió;27
2021-11-01;RREO;AL;2704302;1031597;<MR-9>;ReceitasCorrentesLiquidasExcetoTransferenciasEFUNDEB;RECEITAS CORRENTES (I);225798633.74;11;2021;6;270430;sim;Maceió;27
2021-12-01;RREO;AL;2704302;1031597;<MR-8>;ReceitasCorrentesLiquidasExcetoTransferenciasEFUNDEB;RECEITAS CORRENTES (I);355925169.61;12;2021;6;270430;sim;Maceió;27
2022-01-01;RREO;AL;2704302;1031597;<MR-7>;ReceitasCorrentesLiquidasExcetoTransferenciasEFUNDEB;RECEITAS CORRENTES (I);230415367.96;1;2022;1;270430;sim;Maceió;27
2022-02-01;RREO;AL;2704302;1031597;<MR-6>;ReceitasCorrentesLiquidasExcetoTransferenciasEFUNDEB;RECEITAS CORRENTES (I);272782172.45;2;2022;1;270430;sim;Maceió;27
2022-03-01;RREO;AL;2704302;1031597;<MR-5>;ReceitasCorrentesLiquidasExcetoTransferenciasEFUNDEB;RECEITAS CORRENTES (I);279982011.1;3;2022;2;270430;sim;Maceió;27
2022-04-01;RREO;AL;2704302;1031597;<MR-4>;ReceitasCorrentesLiquidasExcetoTransferenciasEFUNDEB;RECEITAS CORRENTES (I);306703412.97;4;2022;2;270430;sim;Maceió;27
2022-05-01;RREO;AL;2704302;1031597;<MR-3>;ReceitasCorrentesLiquidasExcetoTransferenciasEFUNDEB;RECEITAS CORRENTES (I);297695828.75;5;2022;3;270430;sim;Maceió;27
2022-06-01;RREO;AL;2704302;1031597;<MR-2>;ReceitasCorrentesLiquidasExcetoTransferenciasEFUNDEB;RECEITAS CORRENTES (I);302691651.77;6;2022;3;270430;sim;Maceió;27
2022-07-01;RREO;AL;2704302;1031597;<MR-1>;ReceitasCorrentesLiquidasExcetoTransferenciasEFUNDEB;RECEITAS CORRENTES (I);342731137.1;7;2022;4;270430;sim;Maceió;27
2022-08-01;RREO;AL;2704302;1031597;<MR>;ReceitasCorrentesLiquidasExcetoTransferenciasEFUNDEB;RECEITAS CORRENTES (I);275456645.17;8;2022;4;270430;sim;Maceió;27
2021-09-01;RREO;AL;2704302;1031597;<MR-11>;ReceitaTributariaLiquidaExcetoTransferenciasEFUNDEB;Impostos, Taxas e Contribuições de Melhoria;57500562.23;9;2021;5;270430;sim;Maceió;27
2021-10-01;RREO;AL;2704302;1031597;<MR-10>;ReceitaTributariaLiquidaExcetoTransferenciasEFUNDEB;Impostos, Taxas e Contribuições de Melhoria;55185918.67;10;2021;5;270430;sim;Maceió;27
2021-11-01;RREO;AL;2704302;1031597;<MR-9>;ReceitaTributariaLiquidaExcetoTransferenciasEFUNDEB;Impostos, Taxas e Contribuições de Melhoria;54370990.8;11;2021;6;270430;sim;Maceió;27
2021-12-01;RREO;AL;2704302;1031597;<MR-8>;ReceitaTributariaLiquidaExcetoTransferenciasEFUNDEB;Impostos, Taxas e Contribuições de Melhoria;86775037.79;12;2021;6;270430;sim;Maceió;27
2022-01-01;RREO;AL;2704302;1031597;<MR-7>;ReceitaTributariaLiquidaExcetoTransferenciasEFUNDEB;Impostos, Taxas e Contribuições de Melhoria;50357100.99;1;2022;1;270430;sim;Maceió;27
2022-02-01;RREO;AL;2704302;1031597;<MR-6>;ReceitaTributariaLiquidaExcetoTransferenciasEFUNDEB;Impostos, Taxas e Contribuições de Melhoria;59584529.42;2;2022;1;270430;sim;Maceió;27
2022-03-01;RREO;AL;2704302;1031597;<MR-5>;ReceitaTributariaLiquidaExcetoTransferenciasEFUNDEB;Impostos, Taxas e Contribuições de Melhoria;105854392.26;3;2022;2;270430;sim;Maceió;27
2022-04-01;RREO;AL;2704302;1031597;<MR-4>;ReceitaTributariaLiquidaExcetoTransferenciasEFUNDEB;Impostos, Taxas e Contribuições de Melhoria;126223244.19;4;2022;2;270430;sim;Maceió;27
2022-05-01;RREO;AL;2704302;1031597;<MR-3>;ReceitaTributariaLiquidaExcetoTransferenciasEFUNDEB;Impostos, Taxas e Contribuições de Melhoria;70233045.51;5;2022;3;270430;sim;Maceió;27
2022-06-01;RREO;AL;2704302;1031597;<MR-2>;ReceitaTributariaLiquidaExcetoTransferenciasEFUNDEB;Impostos, Taxas e Contribuições de Melhoria;60269831.86;6;2022;3;270430;sim;Maceió;27
2022-07-01;RREO;AL;2704302;1031597;<MR-1>;ReceitaTributariaLiquidaExcetoTransferenciasEFUNDEB;Impostos, Taxas e Contribuições de Melhoria;75762409.62;7;2022;4;270430;sim;Maceió;27
2022-08-01;RREO;AL;2704302;1031597;<MR>;ReceitaTributariaLiquidaExcetoTransferenciasEFUNDEB;Impostos, Taxas e Contribuições de Melhoria;85048176.69;8;2022;4;270430;sim;Maceió;27
2021-09-01;RREO;AL;2704302;1031597;<MR-11>;IPTULiquidoExcetoTransferenciasEFUNDEB;IPTU;8411363.01;9;2021;5;270430;sim;Maceió;27
2021-10-01;RREO;AL;2704302;1031597;<MR-10>;IPTULiquidoExcetoTransferenciasEFUNDEB;IPTU;8980229.37;10;2021;5;270430;sim;Maceió;27
2021-11-01;RREO;AL;2704302;1031597;<MR-9>;IPTULiquidoExcetoTransferenciasEFUNDEB;IPTU;8630219.41;11;2021;6;270430;sim;Maceió;27
2021-12-01;RREO;AL;2704302;1031597;<MR-8>;IPTULiquidoExcetoTransferenciasEFUNDEB;IPTU;10445523.46;12;2021;6;270430;sim;Maceió;27
2022-01-01;RREO;AL;2704302;1031597;<MR-7>;IPTULiquidoExcetoTransferenciasEFUNDEB;IPTU;6289086.92;1;2022;1;270430;sim;Maceió;27
2022-02-01;RREO;AL;2704302;1031597;<MR-6>;IPTULiquidoExcetoTransferenciasEFUNDEB;IPTU;9506083.61;2;2022;1;270430;sim;Maceió;27
2022-03-01;RREO;AL;2704302;1031597;<MR-5>;IPTULiquidoExcetoTransferenciasEFUNDEB;IPTU;41754661.98;3;2022;2;270430;sim;Maceió;27
2022-04-01;RREO;AL;2704302;1031597;<MR-4>;IPTULiquidoExcetoTransferenciasEFUNDEB;IPTU;56532972.92;4;2022;2;270430;sim;Maceió;27
2022-05-01;RREO;AL;2704302;1031597;<MR-3>;IPTULiquidoExcetoTransferenciasEFUNDEB;IPTU;13546397.42;5;2022;3;270430;sim;Maceió;27
2022-06-01;RREO;AL;2704302;1031597;<MR-2>;IPTULiquidoExcetoTransferenciasEFUNDEB;IPTU;10522422.88;6;2022;3;270430;sim;Maceió;27
2022-07-01;RREO;AL;2704302;1031597;<MR-1>;IPTULiquidoExcetoTransferenciasEFUNDEB;IPTU;10926234.53;7;2022;4;270430;sim;Maceió;27
2022-08-01;RREO;AL;2704302;1031597;<MR>;IPTULiquidoExcetoTransferenciasEFUNDEB;IPTU;10850700.54;8;2022;4;270430;sim;Maceió;27
2021-09-01;RREO;AL;2704302;1031597;<MR-11>;ISSLiquidoExcetoTransferenciasEFUNDEB;ISS;27085003.9;9;2021;5;270430;sim;Maceió;27
2021-10-01;RREO;AL;2704302;1031597;<MR-10>;ISSLiquidoExcetoTransferenciasEFUNDEB;ISS;29958201.81;10;2021;5;270430;sim;Maceió;27
2021-11-01;RREO;AL;2704302;1031597;<MR-9>;ISSLiquidoExcetoTransferenciasEFUNDEB;ISS;29642858.18;11;2021;6;270430;sim;Maceió;27
2021-12-01;RREO;AL;2704302;1031597;<MR-8>;ISSLiquidoExcetoTransferenciasEFUNDEB;ISS;38845994.1;12;2021;6;270430;sim;Maceió;27
2022-01-01;RREO;AL;2704302;1031597;<MR-7>;ISSLiquidoExcetoTransferenciasEFUNDEB;ISS;30785861.54;1;2022;1;270430;sim;Maceió;27
2022-02-01;RREO;AL;2704302;1031597;<MR-6>;ISSLiquidoExcetoTransferenciasEFUNDEB;ISS;33189582.54;2;2022;1;270430;sim;Maceió;27
2022-03-01;RREO;AL;2704302;1031597;<MR-5>;ISSLiquidoExcetoTransferenciasEFUNDEB;ISS;33639907.39;3;2022;2;270430;sim;Maceió;27
2022-04-01;RREO;AL;2704302;1031597;<MR-4>;ISSLiquidoExcetoTransferenciasEFUNDEB;ISS;33009051.69;4;2022;2;270430;sim;Maceió;27
2022-05-01;RREO;AL;2704302;1031597;<MR-3>;ISSLiquidoExcetoTransferenciasEFUNDEB;ISS;32594843.16;5;2022;3;270430;sim;Maceió;27
2022-06-01;RREO;AL;2704302;1031597;<MR-2>;ISSLiquidoExcetoTransferenciasEFUNDEB;ISS;32244811.68;6;2022;3;270430;sim;Maceió;27
2022-07-01;RREO;AL;2704302;1031597;<MR-1>;ISSLiquidoExcetoTransferenciasEFUNDEB;ISS;32181448.87;7;2022;4;270430;sim;Maceió;27
2022-08-01;RREO;AL;2704302;1031597;<MR>;ISSLiquidoExcetoTransferenciasEFUNDEB;ISS;35898074.26;8;2022;4;270430;sim;Maceió;27
2021-09-01;RREO;AL;2704302;1031597;<MR-11>;ITBILiquidoExcetoTransferenciasEFUNDEB;ITBI;6348952.61;9;2021;5;270430;sim;Maceió;27
2021-10-01;RREO;AL;2704302;1031597;<MR-10>;ITBILiquidoExcetoTransferenciasEFUNDEB;ITBI;4922187.59;10;2021;5;270430;sim;Maceió;27
2021-11-01;RREO;AL;2704302;1031597;<MR-9>;ITBILiquidoExcetoTransferenciasEFUNDEB;ITBI;6189480.92;11;2021;6;270430;sim;Maceió;27
2021-12-01;RREO;AL;2704302;1031597;<MR-8>;ITBILiquidoExcetoTransferenciasEFUNDEB;ITBI;4959720.14;12;2021;6;270430;sim;Maceió;27
2022-01-01;RREO;AL;2704302;1031597;<MR-7>;ITBILiquidoExcetoTransferenciasEFUNDEB;ITBI;4894501.88;1;2022;1;270430;sim;Maceió;27
2022-02-01;RREO;AL;2704302;1031597;<MR-6>;ITBILiquidoExcetoTransferenciasEFUNDEB;ITBI;3985576.91;2;2022;1;270430;sim;Maceió;27
2022-03-01;RREO;AL;2704302;1031597;<MR-5>;ITBILiquidoExcetoTransferenciasEFUNDEB;ITBI;4810729.49;3;2022;2;270430;sim;Maceió;27
2022-04-01;RREO;AL;2704302;1031597;<MR-4>;ITBILiquidoExcetoTransferenciasEFUNDEB;ITBI;5611594.01;4;2022;2;270430;sim;Maceió;27
2022-05-01;RREO;AL;2704302;1031597;<MR-3>;ITBILiquidoExcetoTransferenciasEFUNDEB;ITBI;8359024.25;5;2022;3;270430;sim;Maceió;27
2022-06-01;RREO;AL;2704302;1031597;<MR-2>;ITBILiquidoExcetoTransferenciasEFUNDEB;ITBI;5243840.63;6;2022;3;270430;sim;Maceió;27
2022-07-01;RREO;AL;2704302;1031597;<MR-1>;ITBILiquidoExcetoTransferenciasEFUNDEB;ITBI;5012448.56;7;2022;4;270430;sim;Maceió;27
2022-08-01;RREO;AL;2704302;1031597;<MR>;ITBILiquidoExcetoTransferenciasEFUNDEB;ITBI;7959779.59;8;2022;4;270430;sim;Maceió;27
2021-09-01;RREO;AL;2704302;1031597;<MR-11>;IRRFLiquidoExcetoTransferenciasEFUNDEB;IRRF;6943040.94;9;2021;5;270430;sim;Maceió;27
2021-10-01;RREO;AL;2704302;1031597;<MR-10>;IRRFLiquidoExcetoTransferenciasEFUNDEB;IRRF;6593932.04;10;2021;5;270430;sim;Maceió;27
2021-11-01;RREO;AL;2704302;1031597;<MR-9>;IRRFLiquidoExcetoTransferenciasEFUNDEB;IRRF;5223110.86;11;2021;6;270430;sim;Maceió;27
2021-12-01;RREO;AL;2704302;1031597;<MR-8>;IRRFLiquidoExcetoTransferenciasEFUNDEB;IRRF;26606884.98;12;2021;6;270430;sim;Maceió;27
2022-01-01;RREO;AL;2704302;1031597;<MR-7>;IRRFLiquidoExcetoTransferenciasEFUNDEB;IRRF;4304790.44;1;2022;1;270430;sim;Maceió;27
2022-02-01;RREO;AL;2704302;1031597;<MR-6>;IRRFLiquidoExcetoTransferenciasEFUNDEB;IRRF;6917343.47;2;2022;1;270430;sim;Maceió;27
2022-03-01;RREO;AL;2704302;1031597;<MR-5>;IRRFLiquidoExcetoTransferenciasEFUNDEB;IRRF;9365805.52;3;2022;2;270430;sim;Maceió;27
2022-04-01;RREO;AL;2704302;1031597;<MR-4>;IRRFLiquidoExcetoTransferenciasEFUNDEB;IRRF;8484473.3;4;2022;2;270430;sim;Maceió;27
2022-05-01;RREO;AL;2704302;1031597;<MR-3>;IRRFLiquidoExcetoTransferenciasEFUNDEB;IRRF;8107502.52;5;2022;3;270430;sim;Maceió;27
2022-06-01;RREO;AL;2704302;1031597;<MR-2>;IRRFLiquidoExcetoTransferenciasEFUNDEB;IRRF;6154830.65;6;2022;3;270430;sim;Maceió;27
2022-07-01;RREO;AL;2704302;1031597;<MR-1>;IRRFLiquidoExcetoTransferenciasEFUNDEB;IRRF;21257641.92;7;2022;4;270430;sim;Maceió;27
2022-08-01;RREO;AL;2704302;1031597;<MR>;IRRFLiquidoExcetoTransferenciasEFUNDEB;IRRF;21653556.49;8;2022;4;270430;sim;Maceió;27
2021-09-01;RREO;AL;2704302;1031597;<MR-11>;OutrasReceitasTributarias;Outros Impostos, Taxas e Contribuições de Melhoria;8712201.77;9;2021;5;270430;sim;Maceió;27
2021-10-01;RREO;AL;2704302;1031597;<MR-10>;OutrasReceitasTributarias;Outros Impostos, Taxas e Contribuições de Melhoria;4731367.86;10;2021;5;270430;sim;Maceió;27
2021-11-01;RREO;AL;2704302;1031597;<MR-9>;OutrasReceitasTributarias;Outros Impostos, Taxas e Contribuições de Melhoria;4685321.43;11;2021;6;270430;sim;Maceió;27
2021-12-01;RREO;AL;2704302;1031597;<MR-8>;OutrasReceitasTributarias;Outros Impostos, Taxas e Contribuições de Melhoria;5916915.11;12;2021;6;270430;sim;Maceió;27
2022-01-01;RREO;AL;2704302;1031597;<MR-7>;OutrasReceitasTributarias;Outros Impostos, Taxas e Contribuições de Melhoria;4082860.21;1;2022;1;270430;sim;Maceió;27
2022-02-01;RREO;AL;2704302;1031597;<MR-6>;OutrasReceitasTributarias;Outros Impostos, Taxas e Contribuições de Melhoria;5985942.89;2;2022;1;270430;sim;Maceió;27
2022-03-01;RREO;AL;2704302;1031597;<MR-5>;OutrasReceitasTributarias;Outros Impostos, Taxas e Contribuições de Melhoria;16283287.88;3;2022;2;270430;sim;Maceió;27
2022-04-01;RREO;AL;2704302;1031597;<MR-4>;OutrasReceitasTributarias;Outros Impostos, Taxas e Contribuições de Melhoria;22585152.27;4;2022;2;270430;sim;Maceió;27
2022-05-01;RREO;AL;2704302;1031597;<MR-3>;OutrasReceitasTributarias;Outros Impostos, Taxas e Contribuições de Melhoria;7625278.16;5;2022;3;270430;sim;Maceió;27
2022-06-01;RREO;AL;2704302;1031597;<MR-2>;OutrasReceitasTributarias;Outros Impostos, Taxas e Contribuições de Melhoria;6103926.02;6;2022;3;270430;sim;Maceió;27
2022-07-01;RREO;AL;2704302;1031597;<MR-1>;OutrasReceitasTributarias;Outros Impostos, Taxas e Contribuições de Melhoria;6384635.74;7;2022;4;270430;sim;Maceió;27
2022-08-01;RREO;AL;2704302;1031597;<MR>;OutrasReceitasTributarias;Outros Impostos, Taxas e Contribuições de Melhoria;8686065.81;8;2022;4;270430;sim;Maceió;27
2021-09-01;RREO;AL;2704302;1031597;<MR-11>;RREO3ReceitaDeContribuicoes;Contribuições;17071202.36;9;2021;5;270430;sim;Maceió;27
2021-10-01;RREO;AL;2704302;1031597;<MR-10>;RREO3ReceitaDeContribuicoes;Contribuições;11380705.41;10;2021;5;270430;sim;Maceió;27
2021-11-01;RREO;AL;2704302;1031597;<MR-9>;RREO3ReceitaDeContribuicoes;Contribuições;11667536.48;11;2021;6;270430;sim;Maceió;27
2021-12-01;RREO;AL;2704302;1031597;<MR-8>;RREO3ReceitaDeContribuicoes;Contribuições;46157397.74;12;2021;6;270430;sim;Maceió;27
2022-01-01;RREO;AL;2704302;1031597;<MR-7>;RREO3ReceitaDeContribuicoes;Contribuições;14820426.25;1;2022;1;270430;sim;Maceió;27
2022-02-01;RREO;AL;2704302;1031597;<MR-6>;RREO3ReceitaDeContribuicoes;Contribuições;17538510.49;2;2022;1;270430;sim;Maceió;27
2022-03-01;RREO;AL;2704302;1031597;<MR-5>;RREO3ReceitaDeContribuicoes;Contribuições;17099505.08;3;2022;2;270430;sim;Maceió;27
2022-04-01;RREO;AL;2704302;1031597;<MR-4>;RREO3ReceitaDeContribuicoes;Contribuições;20016101.74;4;2022;2;270430;sim;Maceió;27
2022-05-01;RREO;AL;2704302;1031597;<MR-3>;RREO3ReceitaDeContribuicoes;Contribuições;18688618.84;5;2022;3;270430;sim;Maceió;27
2022-06-01;RREO;AL;2704302;1031597;<MR-2>;RREO3ReceitaDeContribuicoes;Contribuições;16629543.39;6;2022;3;270430;sim;Maceió;27
2022-07-01;RREO;AL;2704302;1031597;<MR-1>;RREO3ReceitaDeContribuicoes;Contribuições;32313736.21;7;2022;4;270430;sim;Maceió;27
2022-08-01;RREO;AL;2704302;1031597;<MR>;RREO3ReceitaDeContribuicoes;Contribuições;21692506.4;8;2022;4;270430;sim;Maceió;27
2021-09-01;RREO;AL;2704302;1031597;<MR-11>;RREO3ReceitaPatrimonial;Receita Patrimonial;1746532.88;9;2021;5;270430;sim;Maceió;27
2021-10-01;RREO;AL;2704302;1031597;<MR-10>;RREO3ReceitaPatrimonial;Receita Patrimonial;1938298.23;10;2021;5;270430;sim;Maceió;27
2021-11-01;RREO;AL;2704302;1031597;<MR-9>;RREO3ReceitaPatrimonial;Receita Patrimonial;2247113.62;11;2021;6;270430;sim;Maceió;27
2021-12-01;RREO;AL;2704302;1031597;<MR-8>;RREO3ReceitaPatrimonial;Receita Patrimonial;10724314.99;12;2021;6;270430;sim;Maceió;27
2022-01-01;RREO;AL;2704302;1031597;<MR-7>;RREO3ReceitaPatrimonial;Receita Patrimonial;8576659.75;1;2022;1;270430;sim;Maceió;27
2022-02-01;RREO;AL;2704302;1031597;<MR-6>;RREO3ReceitaPatrimonial;Receita Patrimonial;4061340.71;2;2022;1;270430;sim;Maceió;27
2022-03-01;RREO;AL;2704302;1031597;<MR-5>;RREO3ReceitaPatrimonial;Receita Patrimonial;10241588.51;3;2022;2;270430;sim;Maceió;27
2022-04-01;RREO;AL;2704302;1031597;<MR-4>;RREO3ReceitaPatrimonial;Receita Patrimonial;4330557.32;4;2022;2;270430;sim;Maceió;27
2022-05-01;RREO;AL;2704302;1031597;<MR-3>;RREO3ReceitaPatrimonial;Receita Patrimonial;9056862.36;5;2022;3;270430;sim;Maceió;27
2022-06-01;RREO;AL;2704302;1031597;<MR-2>;RREO3ReceitaPatrimonial;Receita Patrimonial;7725282.8;6;2022;3;270430;sim;Maceió;27
2022-07-01;RREO;AL;2704302;1031597;<MR-1>;RREO3ReceitaPatrimonial;Receita Patrimonial;12402082.45;7;2022;4;270430;sim;Maceió;27
2022-08-01;RREO;AL;2704302;1031597;<MR>;RREO3ReceitaPatrimonial;Receita Patrimonial;10630592.21;8;2022;4;270430;sim;Maceió;27
2021-09-01;RREO;AL;2704302;1031597;<MR-11>;RendimentosDeAplicacaoFinanceira;Rendimentos de Aplicação Financeira;1738832.75;9;2021;5;270430;sim;Maceió;27
2021-10-01;RREO;AL;2704302;1031597;<MR-10>;RendimentosDeAplicacaoFinanceira;Rendimentos de Aplicação Financeira;1930598.1;10;2021;5;270430;sim;Maceió;27
2021-11-01;RREO;AL;2704302;1031597;<MR-9>;RendimentosDeAplicacaoFinanceira;Rendimentos de Aplicação Financeira;2239413.49;11;2021;6;270430;sim;Maceió;27
2021-12-01;RREO;AL;2704302;1031597;<MR-8>;RendimentosDeAplicacaoFinanceira;Rendimentos de Aplicação Financeira;10716614.86;12;2021;6;270430;sim;Maceió;27
2022-01-01;RREO;AL;2704302;1031597;<MR-7>;RendimentosDeAplicacaoFinanceira;Rendimentos de Aplicação Financeira;8568959.62;1;2022;1;270430;sim;Maceió;27
2022-02-01;RREO;AL;2704302;1031597;<MR-6>;RendimentosDeAplicacaoFinanceira;Rendimentos de Aplicação Financeira;3096238.66;2;2022;1;270430;sim;Maceió;27
2022-03-01;RREO;AL;2704302;1031597;<MR-5>;RendimentosDeAplicacaoFinanceira;Rendimentos de Aplicação Financeira;10233888.38;3;2022;2;270430;sim;Maceió;27
2022-04-01;RREO;AL;2704302;1031597;<MR-4>;RendimentosDeAplicacaoFinanceira;Rendimentos de Aplicação Financeira;4322857.19;4;2022;2;270430;sim;Maceió;27
2022-05-01;RREO;AL;2704302;1031597;<MR-3>;RendimentosDeAplicacaoFinanceira;Rendimentos de Aplicação Financeira;9049162.23;5;2022;3;270430;sim;Maceió;27
2022-06-01;RREO;AL;2704302;1031597;<MR-2>;RendimentosDeAplicacaoFinanceira;Rendimentos de Aplicação Financeira;7068332.67;6;2022;3;270430;sim;Maceió;27
2022-07-01;RREO;AL;2704302;1031597;<MR-1>;RendimentosDeAplicacaoFinanceira;Rendimentos de Aplicação Financeira;12441257.32;7;2022;4;270430;sim;Maceió;27
2022-08-01;RREO;AL;2704302;1031597;<MR>;RendimentosDeAplicacaoFinanceira;Rendimentos de Aplicação Financeira;10622003.83;8;2022;4;270430;sim;Maceió;27
2021-09-01;RREO;AL;2704302;1031597;<MR-11>;OutrasReceitasPatrimoniais;Outras Receitas Patrimoniais;7700.13;9;2021;5;270430;sim;Maceió;27
2021-10-01;RREO;AL;2704302;1031597;<MR-10>;OutrasReceitasPatrimoniais;Outras Receitas Patrimoniais;7700.13;10;2021;5;270430;sim;Maceió;27
2021-11-01;RREO;AL;2704302;1031597;<MR-9>;OutrasReceitasPatrimoniais;Outras Receitas Patrimoniais;7700.13;11;2021;6;270430;sim;Maceió;27
2021-12-01;RREO;AL;2704302;1031597;<MR-8>;OutrasReceitasPatrimoniais;Outras Receitas Patrimoniais;7700.13;12;2021;6;270430;sim;Maceió;27
2022-01-01;RREO;AL;2704302;1031597;<MR-7>;OutrasReceitasPatrimoniais;Outras Receitas Patrimoniais;7700.13;1;2022;1;270430;sim;Maceió;27
2022-02-01;RREO;AL;2704302;1031597;<MR-6>;OutrasReceitasPatrimoniais;Outras Receitas Patrimoniais;965102.05;2;2022;1;270430;sim;Maceió;27
2022-03-01;RREO;AL;2704302;1031597;<MR-5>;OutrasReceitasPatrimoniais;Outras Receitas Patrimoniais;7700.13;3;2022;2;270430;sim;Maceió;27
2022-04-01;RREO;AL;2704302;1031597;<MR-4>;OutrasReceitasPatrimoniais;Outras Receitas Patrimoniais;7700.13;4;2022;2;270430;sim;Maceió;27
2022-05-01;RREO;AL;2704302;1031597;<MR-3>;OutrasReceitasPatrimoniais;Outras Receitas Patrimoniais;7700.13;5;2022;3;270430;sim;Maceió;27
2022-06-01;RREO;AL;2704302;1031597;<MR-2>;OutrasReceitasPatrimoniais;Outras Receitas Patrimoniais;656950.13;6;2022;3;270430;sim;Maceió;27
2022-07-01;RREO;AL;2704302;1031597;<MR-1>;OutrasReceitasPatrimoniais;Outras Receitas Patrimoniais;-39174.87;7;2022;4;270430;sim;Maceió;27
2022-08-01;RREO;AL;2704302;1031597;<MR>;OutrasReceitasPatrimoniais;Outras Receitas Patrimoniais;8588.38;8;2022;4;270430;sim;Maceió;27
2022-08-01;RREO;AL;2704302;1031597;<MR>;RREO3ReceitaDeServicos;Receita de Serviços;721.55;8;2022;4;270430;sim;Maceió;27
2021-09-01;RREO;AL;2704302;1031597;<MR-11>;RREO3TransferenciasCorrentes;Transferências Correntes;153869509.65;9;2021;5;270430;sim;Maceió;27
2021-10-01;RREO;AL;2704302;1031597;<MR-10>;RREO3TransferenciasCorrentes;Transferências Correntes;154697293.63;10;2021;5;270430;sim;Maceió;27
2021-11-01;RREO;AL;2704302;1031597;<MR-9>;RREO3TransferenciasCorrentes;Transferências Correntes;155444618.74;11;2021;6;270430;sim;Maceió;27
2021-12-01;RREO;AL;2704302;1031597;<MR-8>;RREO3TransferenciasCorrentes;Transferências Correntes;208659769.8;12;2021;6;270430;sim;Maceió;27
2022-01-01;RREO;AL;2704302;1031597;<MR-7>;RREO3TransferenciasCorrentes;Transferências Correntes;155813021.66;1;2022;1;270430;sim;Maceió;27
2022-02-01;RREO;AL;2704302;1031597;<MR-6>;RREO3TransferenciasCorrentes;Transferências Correntes;189693246.29;2;2022;1;270430;sim;Maceió;27
2022-03-01;RREO;AL;2704302;1031597;<MR-5>;RREO3TransferenciasCorrentes;Transferências Correntes;143551335.99;3;2022;2;270430;sim;Maceió;27
2022-04-01;RREO;AL;2704302;1031597;<MR-4>;RREO3TransferenciasCorrentes;Transferências Correntes;153429482.37;4;2022;2;270430;sim;Maceió;27
2022-05-01;RREO;AL;2704302;1031597;<MR-3>;RREO3TransferenciasCorrentes;Transferências Correntes;197192808.68;5;2022;3;270430;sim;Maceió;27
2022-06-01;RREO;AL;2704302;1031597;<MR-2>;RREO3TransferenciasCorrentes;Transferências Correntes;215528168.09;6;2022;3;270430;sim;Maceió;27
2022-07-01;RREO;AL;2704302;1031597;<MR-1>;RREO3TransferenciasCorrentes;Transferências Correntes;219399442.93;7;2022;4;270430;sim;Maceió;27
2022-08-01;RREO;AL;2704302;1031597;<MR>;RREO3TransferenciasCorrentes;Transferências Correntes;156132506.38;8;2022;4;270430;sim;Maceió;27
2021-09-01;RREO;AL;2704302;1031597;<MR-11>;RREO3CotaParteDoFPM;Cota-Parte do FPM;37740233.25;9;2021;5;270430;sim;Maceió;27
2021-10-01;RREO;AL;2704302;1031597;<MR-10>;RREO3CotaParteDoFPM;Cota-Parte do FPM;42055214.07;10;2021;5;270430;sim;Maceió;27
2021-11-01;RREO;AL;2704302;1031597;<MR-9>;RREO3CotaParteDoFPM;Cota-Parte do FPM;54618227.28;11;2021;6;270430;sim;Maceió;27
2021-12-01;RREO;AL;2704302;1031597;<MR-8>;RREO3CotaParteDoFPM;Cota-Parte do FPM;81309897.86;12;2021;6;270430;sim;Maceió;27
2022-01-01;RREO;AL;2704302;1031597;<MR-7>;RREO3CotaParteDoFPM;Cota-Parte do FPM;57102583.13;1;2022;1;270430;sim;Maceió;27
2022-02-01;RREO;AL;2704302;1031597;<MR-6>;RREO3CotaParteDoFPM;Cota-Parte do FPM;79710390.98;2;2022;1;270430;sim;Maceió;27
2022-03-01;RREO;AL;2704302;1031597;<MR-5>;RREO3CotaParteDoFPM;Cota-Parte do FPM;44926255.23;3;2022;2;270430;sim;Maceió;27
2022-04-01;RREO;AL;2704302;1031597;<MR-4>;RREO3CotaParteDoFPM;Cota-Parte do FPM;57280664.25;4;2022;2;270430;sim;Maceió;27
2022-05-01;RREO;AL;2704302;1031597;<MR-3>;RREO3CotaParteDoFPM;Cota-Parte do FPM;63719022.82;5;2022;3;270430;sim;Maceió;27
2022-06-01;RREO;AL;2704302;1031597;<MR-2>;RREO3CotaParteDoFPM;Cota-Parte do FPM;63018723.48;6;2022;3;270430;sim;Maceió;27
2022-07-01;RREO;AL;2704302;1031597;<MR-1>;RREO3CotaParteDoFPM;Cota-Parte do FPM;80246525.84;7;2022;4;270430;sim;Maceió;27
2022-08-01;RREO;AL;2704302;1031597;<MR>;RREO3CotaParteDoFPM;Cota-Parte do FPM;58303443.24;8;2022;4;270430;sim;Maceió;27
2021-09-01;RREO;AL;2704302;1031597;<MR-11>;RREO3CotaParteDoICMS;Cota-Parte do ICMS;24554987.59;9;2021;5;270430;sim;Maceió;27
2021-10-01;RREO;AL;2704302;1031597;<MR-10>;RREO3CotaParteDoICMS;Cota-Parte do ICMS;29553163.3;10;2021;5;270430;sim;Maceió;27
2021-11-01;RREO;AL;2704302;1031597;<MR-9>;RREO3CotaParteDoICMS;Cota-Parte do ICMS;34594301.0;11;2021;6;270430;sim;Maceió;27
2021-12-01;RREO;AL;2704302;1031597;<MR-8>;RREO3CotaParteDoICMS;Cota-Parte do ICMS;29839280.84;12;2021;6;270430;sim;Maceió;27
2022-01-01;RREO;AL;2704302;1031597;<MR-7>;RREO3CotaParteDoICMS;Cota-Parte do ICMS;29049519.09;1;2022;1;270430;sim;Maceió;27
2022-02-01;RREO;AL;2704302;1031597;<MR-6>;RREO3CotaParteDoICMS;Cota-Parte do ICMS;27190209.72;2;2022;1;270430;sim;Maceió;27
2022-03-01;RREO;AL;2704302;1031597;<MR-5>;RREO3CotaParteDoICMS;Cota-Parte do ICMS;26952549.79;3;2022;2;270430;sim;Maceió;27
2022-04-01;RREO;AL;2704302;1031597;<MR-4>;RREO3CotaParteDoICMS;Cota-Parte do ICMS;23898043.5;4;2022;2;270430;sim;Maceió;27
2022-05-01;RREO;AL;2704302;1031597;<MR-3>;RREO3CotaParteDoICMS;Cota-Parte do ICMS;33351572.26;5;2022;3;270430;sim;Maceió;27
2022-06-01;RREO;AL;2704302;1031597;<MR-2>;RREO3CotaParteDoICMS;Cota-Parte do ICMS;25917607.89;6;2022;3;270430;sim;Maceió;27
2022-07-01;RREO;AL;2704302;1031597;<MR-1>;RREO3CotaParteDoICMS;Cota-Parte do ICMS;26330202.01;7;2022;4;270430;sim;Maceió;27
2022-08-01;RREO;AL;2704302;1031597;<MR>;RREO3CotaParteDoICMS;Cota-Parte do ICMS;24204106.29;8;2022;4;270430;sim;Maceió;27
2021-09-01;RREO;AL;2704302;1031597;<MR-11>;RREO3CotaParteDoIPVA;Cota-Parte do IPVA;7199684.62;9;2021;5;270430;sim;Maceió;27
2021-10-01;RREO;AL;2704302;1031597;<MR-10>;RREO3CotaParteDoIPVA;Cota-Parte do IPVA;5930595.16;10;2021;5;270430;sim;Maceió;27
2021-11-01;RREO;AL;2704302;1031597;<MR-9>;RREO3CotaParteDoIPVA;Cota-Parte do IPVA;5714834.11;11;2021;6;270430;sim;Maceió;27
2021-12-01;RREO;AL;2704302;1031597;<MR-8>;RREO3CotaParteDoIPVA;Cota-Parte do IPVA;3277290.67;12;2021;6;270430;sim;Maceió;27
2022-01-01;RREO;AL;2704302;1031597;<MR-7>;RREO3CotaParteDoIPVA;Cota-Parte do IPVA;7152272.62;1;2022;1;270430;sim;Maceió;27
2022-02-01;RREO;AL;2704302;1031597;<MR-6>;RREO3CotaParteDoIPVA;Cota-Parte do IPVA;19453691.91;2;2022;1;270430;sim;Maceió;27
2022-03-01;RREO;AL;2704302;1031597;<MR-5>;RREO3CotaParteDoIPVA;Cota-Parte do IPVA;11286646.95;3;2022;2;270430;sim;Maceió;27
2022-04-01;RREO;AL;2704302;1031597;<MR-4>;RREO3CotaParteDoIPVA;Cota-Parte do IPVA;11397664.88;4;2022;2;270430;sim;Maceió;27
2022-05-01;RREO;AL;2704302;1031597;<MR-3>;RREO3CotaParteDoIPVA;Cota-Parte do IPVA;16199622.72;5;2022;3;270430;sim;Maceió;27
2022-06-01;RREO;AL;2704302;1031597;<MR-2>;RREO3CotaParteDoIPVA;Cota-Parte do IPVA;14370791.31;6;2022;3;270430;sim;Maceió;27
2022-07-01;RREO;AL;2704302;1031597;<MR-1>;RREO3CotaParteDoIPVA;Cota-Parte do IPVA;15182516.69;7;2022;4;270430;sim;Maceió;27
2022-08-01;RREO;AL;2704302;1031597;<MR>;RREO3CotaParteDoIPVA;Cota-Parte do IPVA;14540408.36;8;2022;4;270430;sim;Maceió;27
2021-09-01;RREO;AL;2704302;1031597;<MR-11>;RREO3CotaParteDoITR;Cota-Parte do ITR;3044.21;9;2021;5;270430;sim;Maceió;27
2021-10-01;RREO;AL;2704302;1031597;<MR-10>;RREO3CotaParteDoITR;Cota-Parte do ITR;56361.74;10;2021;5;270430;sim;Maceió;27
2021-11-01;RREO;AL;2704302;1031597;<MR-9>;RREO3CotaParteDoITR;Cota-Parte do ITR;87576.5;11;2021;6;270430;sim;Maceió;27
2021-12-01;RREO;AL;2704302;1031597;<MR-8>;RREO3CotaParteDoITR;Cota-Parte do ITR;14082.2;12;2021;6;270430;sim;Maceió;27
2022-01-01;RREO;AL;2704302;1031597;<MR-7>;RREO3CotaParteDoITR;Cota-Parte do ITR;14277.64;1;2022;1;270430;sim;Maceió;27
2022-02-01;RREO;AL;2704302;1031597;<MR-6>;RREO3CotaParteDoITR;Cota-Parte do ITR;2949.57;2;2022;1;270430;sim;Maceió;27
2022-03-01;RREO;AL;2704302;1031597;<MR-5>;RREO3CotaParteDoITR;Cota-Parte do ITR;1007.78;3;2022;2;270430;sim;Maceió;27
2022-04-01;RREO;AL;2704302;1031597;<MR-4>;RREO3CotaParteDoITR;Cota-Parte do ITR;1937.13;4;2022;2;270430;sim;Maceió;27
2022-05-01;RREO;AL;2704302;1031597;<MR-3>;RREO3CotaParteDoITR;Cota-Parte do ITR;16167.79;5;2022;3;270430;sim;Maceió;27
2022-06-01;RREO;AL;2704302;1031597;<MR-2>;RREO3CotaParteDoITR;Cota-Parte do ITR;16184.69;6;2022;3;270430;sim;Maceió;27
2022-07-01;RREO;AL;2704302;1031597;<MR-1>;RREO3CotaParteDoITR;Cota-Parte do ITR;3021.43;7;2022;4;270430;sim;Maceió;27
2022-08-01;RREO;AL;2704302;1031597;<MR>;RREO3CotaParteDoITR;Cota-Parte do ITR;3863.33;8;2022;4;270430;sim;Maceió;27
2021-09-01;RREO;AL;2704302;1031597;<MR-11>;RREO3TransferenciasDaLC611989;Transferências da LC nº 61/1989;13898.96;9;2021;5;270430;sim;Maceió;27
2021-10-01;RREO;AL;2704302;1031597;<MR-10>;RREO3TransferenciasDaLC611989;Transferências da LC nº 61/1989;14583.07;10;2021;5;270430;sim;Maceió;27
2021-11-01;RREO;AL;2704302;1031597;<MR-9>;RREO3TransferenciasDaLC611989;Transferências da LC nº 61/1989;13768.43;11;2021;6;270430;sim;Maceió;27
2021-12-01;RREO;AL;2704302;1031597;<MR-8>;RREO3TransferenciasDaLC611989;Transferências da LC nº 61/1989;12675.95;12;2021;6;270430;sim;Maceió;27
2022-01-01;RREO;AL;2704302;1031597;<MR-7>;RREO3TransferenciasDaLC611989;Transferências da LC nº 61/1989;15355.61;1;2022;1;270430;sim;Maceió;27
2022-02-01;RREO;AL;2704302;1031597;<MR-6>;RREO3TransferenciasDaLC611989;Transferências da LC nº 61/1989;10675.58;2;2022;1;270430;sim;Maceió;27
2022-03-01;RREO;AL;2704302;1031597;<MR-5>;RREO3TransferenciasDaLC611989;Transferências da LC nº 61/1989;13756.76;3;2022;2;270430;sim;Maceió;27
2022-04-01;RREO;AL;2704302;1031597;<MR-4>;RREO3TransferenciasDaLC611989;Transferências da LC nº 61/1989;10871.36;4;2022;2;270430;sim;Maceió;27
2022-05-01;RREO;AL;2704302;1031597;<MR-3>;RREO3TransferenciasDaLC611989;Transferências da LC nº 61/1989;8983.33;5;2022;3;270430;sim;Maceió;27
2022-06-01;RREO;AL;2704302;1031597;<MR-2>;RREO3TransferenciasDaLC611989;Transferências da LC nº 61/1989;8338.25;6;2022;3;270430;sim;Maceió;27
2022-07-01;RREO;AL;2704302;1031597;<MR-1>;RREO3TransferenciasDaLC611989;Transferências da LC nº 61/1989;10133.31;7;2022;4;270430;sim;Maceió;27
2022-08-01;RREO;AL;2704302;1031597;<MR>;RREO3TransferenciasDaLC611989;Transferências da LC nº 61/1989;7064.18;8;2022;4;270430;sim;Maceió;27
2021-09-01;RREO;AL;2704302;1031597;<MR-11>;RREO3TransferenciasDoFUNDEB;Transferências do FUNDEB;20977238.33;9;2021;5;270430;sim;Maceió;27
2021-10-01;RREO;AL;2704302;1031597;<MR-10>;RREO3TransferenciasDoFUNDEB;Transferências do FUNDEB;37705217.07;10;2021;5;270430;sim;Maceió;27
2021-11-01;RREO;AL;2704302;1031597;<MR-9>;RREO3TransferenciasDoFUNDEB;Transferências do FUNDEB;23575115.38;11;2021;6;270430;sim;Maceió;27
2021-12-01;RREO;AL;2704302;1031597;<MR-8>;RREO3TransferenciasDoFUNDEB;Transferências do FUNDEB;23104462.69;12;2021;6;270430;sim;Maceió;27
2022-01-01;RREO;AL;2704302;1031597;<MR-7>;RREO3TransferenciasDoFUNDEB;Transferências do FUNDEB;28245567.57;1;2022;1;270430;sim;Maceió;27
2022-02-01;RREO;AL;2704302;1031597;<MR-6>;RREO3TransferenciasDoFUNDEB;Transferências do FUNDEB;26785934.83;2;2022;1;270430;sim;Maceió;27
2022-03-01;RREO;AL;2704302;1031597;<MR-5>;RREO3TransferenciasDoFUNDEB;Transferências do FUNDEB;20350753.09;3;2022;2;270430;sim;Maceió;27
2022-04-01;RREO;AL;2704302;1031597;<MR-4>;RREO3TransferenciasDoFUNDEB;Transferências do FUNDEB;24013306.85;4;2022;2;270430;sim;Maceió;27
2022-05-01;RREO;AL;2704302;1031597;<MR-3>;RREO3TransferenciasDoFUNDEB;Transferências do FUNDEB;26177470.84;5;2022;3;270430;sim;Maceió;27
2022-06-01;RREO;AL;2704302;1031597;<MR-2>;RREO3TransferenciasDoFUNDEB;Transferências do FUNDEB;23622199.73;6;2022;3;270430;sim;Maceió;27
2022-07-01;RREO;AL;2704302;1031597;<MR-1>;RREO3TransferenciasDoFUNDEB;Transferências do FUNDEB;22165460.09;7;2022;4;270430;sim;Maceió;27
2022-08-01;RREO;AL;2704302;1031597;<MR>;RREO3TransferenciasDoFUNDEB;Transferências do FUNDEB;23159944.36;8;2022;4;270430;sim;Maceió;27
2021-09-01;RREO;AL;2704302;1031597;<MR-11>;RREO3OutrasTransferenciasCorrentes;Outras Transferências Correntes;63380422.69;9;2021;5;270430;sim;Maceió;27
2021-10-01;RREO;AL;2704302;1031597;<MR-10>;RREO3OutrasTransferenciasCorrentes;Outras Transferências Correntes;39382159.22;10;2021;5;270430;sim;Maceió;27
2021-11-01;RREO;AL;2704302;1031597;<MR-9>;RREO3OutrasTransferenciasCorrentes;Outras Transferências Correntes;36840796.04;11;2021;6;270430;sim;Maceió;27
2021-12-01;RREO;AL;2704302;1031597;<MR-8>;RREO3OutrasTransferenciasCorrentes;Outras Transferências Correntes;71102079.59;12;2021;6;270430;sim;Maceió;27
2022-01-01;RREO;AL;2704302;1031597;<MR-7>;RREO3OutrasTransferenciasCorrentes;Outras Transferências Correntes;34233446.0;1;2022;1;270430;sim;Maceió;27
2022-02-01;RREO;AL;2704302;1031597;<MR-6>;RREO3OutrasTransferenciasCorrentes;Outras Transferências Correntes;36539393.7;2;2022;1;270430;sim;Maceió;27
2022-03-01;RREO;AL;2704302;1031597;<MR-5>;RREO3OutrasTransferenciasCorrentes;Outras Transferências Correntes;40020366.39;3;2022;2;270430;sim;Maceió;27
2022-04-01;RREO;AL;2704302;1031597;<MR-4>;RREO3OutrasTransferenciasCorrentes;Outras Transferências Correntes;36826994.4;4;2022;2;270430;sim;Maceió;27
2022-05-01;RREO;AL;2704302;1031597;<MR-3>;RREO3OutrasTransferenciasCorrentes;Outras Transferências Correntes;57719968.92;5;2022;3;270430;sim;Maceió;27
2022-06-01;RREO;AL;2704302;1031597;<MR-2>;RREO3OutrasTransferenciasCorrentes;Outras Transferências Correntes;88574322.74;6;2022;3;270430;sim;Maceió;27
2022-07-01;RREO;AL;2704302;1031597;<MR-1>;RREO3OutrasTransferenciasCorrentes;Outras Transferências Correntes;75461583.56;7;2022;4;270430;sim;Maceió;27
2022-08-01;RREO;AL;2704302;1031597;<MR>;RREO3OutrasTransferenciasCorrentes;Outras Transferências Correntes;35913676.62;8;2022;4;270430;sim;Maceió;27
2021-09-01;RREO;AL;2704302;1031597;<MR-11>;RREO3OutrasReceitasCorrentes;Outras Receitas Correntes;1640185.45;9;2021;5;270430;sim;Maceió;27
2021-10-01;RREO;AL;2704302;1031597;<MR-10>;RREO3OutrasReceitasCorrentes;Outras Receitas Correntes;2732306.25;10;2021;5;270430;sim;Maceió;27
2021-11-01;RREO;AL;2704302;1031597;<MR-9>;RREO3OutrasReceitasCorrentes;Outras Receitas Correntes;2068374.1;11;2021;6;270430;sim;Maceió;27
2021-12-01;RREO;AL;2704302;1031597;<MR-8>;RREO3OutrasReceitasCorrentes;Outras Receitas Correntes;3608649.29;12;2021;6;270430;sim;Maceió;27
2022-01-01;RREO;AL;2704302;1031597;<MR-7>;RREO3OutrasReceitasCorrentes;Outras Receitas Correntes;848159.31;1;2022;1;270430;sim;Maceió;27
2022-02-01;RREO;AL;2704302;1031597;<MR-6>;RREO3OutrasReceitasCorrentes;Outras Receitas Correntes;1904545.54;2;2022;1;270430;sim;Maceió;27
2022-03-01;RREO;AL;2704302;1031597;<MR-5>;RREO3OutrasReceitasCorrentes;Outras Receitas Correntes;3235189.26;3;2022;2;270430;sim;Maceió;27
2022-04-01;RREO;AL;2704302;1031597;<MR-4>;RREO3OutrasReceitasCorrentes;Outras Receitas Correntes;2704027.35;4;2022;2;270430;sim;Maceió;27
2022-05-01;RREO;AL;2704302;1031597;<MR-3>;RREO3OutrasReceitasCorrentes;Outras Receitas Correntes;2524493.36;5;2022;3;270430;sim;Maceió;27
2022-06-01;RREO;AL;2704302;1031597;<MR-2>;RREO3OutrasReceitasCorrentes;Outras Receitas Correntes;2538825.63;6;2022;3;270430;sim;Maceió;27
2022-07-01;RREO;AL;2704302;1031597;<MR-1>;RREO3OutrasReceitasCorrentes;Outras Receitas Correntes;2853465.89;7;2022;4;270430;sim;Maceió;27
2022-08-01;RREO;AL;2704302;1031597;<MR>;RREO3OutrasReceitasCorrentes;Outras Receitas Correntes;1952141.94;8;2022;4;270430;sim;Maceió;27
2021-09-01;RREO;AL;2704302;1031597;<MR-11>;DeducoesDaReceitaCorrenteLiquida;DEDUÇÕES (II);23359824.42;9;2021;5;270430;sim;Maceió;27
2021-10-01;RREO;AL;2704302;1031597;<MR-10>;DeducoesDaReceitaCorrenteLiquida;DEDUÇÕES (II);24874174.42;10;2021;5;270430;sim;Maceió;27
2021-11-01;RREO;AL;2704302;1031597;<MR-9>;DeducoesDaReceitaCorrenteLiquida;DEDUÇÕES (II);23827782.36;11;2021;6;270430;sim;Maceió;27
2021-12-01;RREO;AL;2704302;1031597;<MR-8>;DeducoesDaReceitaCorrenteLiquida;DEDUÇÕES (II);39174986.07;12;2021;6;270430;sim;Maceió;27
2022-01-01;RREO;AL;2704302;1031597;<MR-7>;DeducoesDaReceitaCorrenteLiquida;DEDUÇÕES (II);27856049.2;1;2022;1;270430;sim;Maceió;27
2022-02-01;RREO;AL;2704302;1031597;<MR-6>;DeducoesDaReceitaCorrenteLiquida;DEDUÇÕES (II);32015148.05;2;2022;1;270430;sim;Maceió;27
2022-03-01;RREO;AL;2704302;1031597;<MR-5>;DeducoesDaReceitaCorrenteLiquida;DEDUÇÕES (II);24170732.18;3;2022;2;270430;sim;Maceió;27
2022-04-01;RREO;AL;2704302;1031597;<MR-4>;DeducoesDaReceitaCorrenteLiquida;DEDUÇÕES (II);29429559.3;4;2022;2;270430;sim;Maceió;27
2022-05-01;RREO;AL;2704302;1031597;<MR-3>;DeducoesDaReceitaCorrenteLiquida;DEDUÇÕES (II);34141460.13;5;2022;3;270430;sim;Maceió;27
2022-06-01;RREO;AL;2704302;1031597;<MR-2>;DeducoesDaReceitaCorrenteLiquida;DEDUÇÕES (II);30818995.92;6;2022;3;270430;sim;Maceió;27
2022-07-01;RREO;AL;2704302;1031597;<MR-1>;DeducoesDaReceitaCorrenteLiquida;DEDUÇÕES (II);33058736.54;7;2022;4;270430;sim;Maceió;27
2022-08-01;RREO;AL;2704302;1031597;<MR>;DeducoesDaReceitaCorrenteLiquida;DEDUÇÕES (II);32253999.58;8;2022;4;270430;sim;Maceió;27
2021-09-01;RREO;AL;2704302;1031597;<MR-11>;ContribuicaoDoServidorParaOPlanoDePrevidencia;Contrib. do Servidor para o Plano de Previdência;9457454.74;9;2021;5;270430;sim;Maceió;27
2021-10-01;RREO;AL;2704302;1031597;<MR-10>;ContribuicaoDoServidorParaOPlanoDePrevidencia;Contrib. do Servidor para o Plano de Previdência;7431406.19;10;2021;5;270430;sim;Maceió;27
2021-11-01;RREO;AL;2704302;1031597;<MR-9>;ContribuicaoDoServidorParaOPlanoDePrevidencia;Contrib. do Servidor para o Plano de Previdência;3204147.55;11;2021;6;270430;sim;Maceió;27
2021-12-01;RREO;AL;2704302;1031597;<MR-8>;ContribuicaoDoServidorParaOPlanoDePrevidencia;Contrib. do Servidor para o Plano de Previdência;19398149.45;12;2021;6;270430;sim;Maceió;27
2022-01-01;RREO;AL;2704302;1031597;<MR-7>;ContribuicaoDoServidorParaOPlanoDePrevidencia;Contrib. do Servidor para o Plano de Previdência;4876157.34;1;2022;1;270430;sim;Maceió;27
2022-02-01;RREO;AL;2704302;1031597;<MR-6>;ContribuicaoDoServidorParaOPlanoDePrevidencia;Contrib. do Servidor para o Plano de Previdência;6727936.05;2;2022;1;270430;sim;Maceió;27
2022-03-01;RREO;AL;2704302;1031597;<MR-5>;ContribuicaoDoServidorParaOPlanoDePrevidencia;Contrib. do Servidor para o Plano de Previdência;7521757.75;3;2022;2;270430;sim;Maceió;27
2022-04-01;RREO;AL;2704302;1031597;<MR-4>;ContribuicaoDoServidorParaOPlanoDePrevidencia;Contrib. do Servidor para o Plano de Previdência;8336313.12;4;2022;2;270430;sim;Maceió;27
2022-05-01;RREO;AL;2704302;1031597;<MR-3>;ContribuicaoDoServidorParaOPlanoDePrevidencia;Contrib. do Servidor para o Plano de Previdência;8440027.35;5;2022;3;270430;sim;Maceió;27
2022-06-01;RREO;AL;2704302;1031597;<MR-2>;ContribuicaoDoServidorParaOPlanoDePrevidencia;Contrib. do Servidor para o Plano de Previdência;6383724.76;6;2022;3;270430;sim;Maceió;27
2022-07-01;RREO;AL;2704302;1031597;<MR-1>;ContribuicaoDoServidorParaOPlanoDePrevidencia;Contrib. do Servidor para o Plano de Previdência;8127983.01;7;2022;4;270430;sim;Maceió;27
2022-08-01;RREO;AL;2704302;1031597;<MR>;ContribuicaoDoServidorParaOPlanoDePrevidencia;Contrib. do Servidor para o Plano de Previdência;8533645.35;8;2022;4;270430;sim;Maceió;27
2021-10-01;RREO;AL;2704302;1031597;<MR-10>;CompensacaoFinanceiraEntreRegimesPrevidencia;Compensações Financ. entre Regimes Previdência;1920784.76;10;2021;5;270430;sim;Maceió;27
2021-11-01;RREO;AL;2704302;1031597;<MR-9>;CompensacaoFinanceiraEntreRegimesPrevidencia;Compensações Financ. entre Regimes Previdência;1617893.36;11;2021;6;270430;sim;Maceió;27
2021-12-01;RREO;AL;2704302;1031597;<MR-8>;CompensacaoFinanceiraEntreRegimesPrevidencia;Compensações Financ. entre Regimes Previdência;1809717.62;12;2021;6;270430;sim;Maceió;27
2022-02-01;RREO;AL;2704302;1031597;<MR-6>;CompensacaoFinanceiraEntreRegimesPrevidencia;Compensações Financ. entre Regimes Previdência;1603131.53;2;2022;1;270430;sim;Maceió;27
2022-03-01;RREO;AL;2704302;1031597;<MR-5>;CompensacaoFinanceiraEntreRegimesPrevidencia;Compensações Financ. entre Regimes Previdência;882930.37;3;2022;2;270430;sim;Maceió;27
2022-04-01;RREO;AL;2704302;1031597;<MR-4>;CompensacaoFinanceiraEntreRegimesPrevidencia;Compensações Financ. entre Regimes Previdência;882930.37;4;2022;2;270430;sim;Maceió;27
2022-05-01;RREO;AL;2704302;1031597;<MR-3>;CompensacaoFinanceiraEntreRegimesPrevidencia;Compensações Financ. entre Regimes Previdência;871073.1;5;2022;3;270430;sim;Maceió;27
2022-06-01;RREO;AL;2704302;1031597;<MR-2>;CompensacaoFinanceiraEntreRegimesPrevidencia;Compensações Financ. entre Regimes Previdência;878203.12;6;2022;3;270430;sim;Maceió;27
2022-07-01;RREO;AL;2704302;1031597;<MR-1>;CompensacaoFinanceiraEntreRegimesPrevidencia;Compensações Financ. entre Regimes Previdência;1390697.99;7;2022;4;270430;sim;Maceió;27
2022-08-01;RREO;AL;2704302;1031597;<MR>;CompensacaoFinanceiraEntreRegimesPrevidencia;Compensações Financ. entre Regimes Previdência;1175619.15;8;2022;4;270430;sim;Maceió;27
2022-01-01;RREO;AL;2704302;1031597;<MR-7>;RendimentosDeAplicacoesDeRecursosPrevidenciarios;Rendimentos de Aplicações de Recursos Previdenciários;4313090.25;1;2022;1;270430;sim;Maceió;27
2022-02-01;RREO;AL;2704302;1031597;<MR-6>;RendimentosDeAplicacoesDeRecursosPrevidenciarios;Rendimentos de Aplicações de Recursos Previdenciários;-1589503.08;2;2022;1;270430;sim;Maceió;27
2022-03-01;RREO;AL;2704302;1031597;<MR-5>;RendimentosDeAplicacoesDeRecursosPrevidenciarios;Rendimentos de Aplicações de Recursos Previdenciários;1847939.55;3;2022;2;270430;sim;Maceió;27
2022-04-01;RREO;AL;2704302;1031597;<MR-4>;RendimentosDeAplicacoesDeRecursosPrevidenciarios;Rendimentos de Aplicações de Recursos Previdenciários;1692479.62;4;2022;2;270430;sim;Maceió;27
2022-05-01;RREO;AL;2704302;1031597;<MR-3>;RendimentosDeAplicacoesDeRecursosPrevidenciarios;Rendimentos de Aplicações de Recursos Previdenciários;2344090.42;5;2022;3;270430;sim;Maceió;27
2022-07-01;RREO;AL;2704302;1031597;<MR-1>;RendimentosDeAplicacoesDeRecursosPrevidenciarios;Rendimentos de Aplicações de Recursos Previdenciários;5008294.19;7;2022;4;270430;sim;Maceió;27
2022-08-01;RREO;AL;2704302;1031597;<MR>;RendimentosDeAplicacoesDeRecursosPrevidenciarios;Rendimentos de Aplicações de Recursos Previdenciários;3132958.01;8;2022;4;270430;sim;Maceió;27
2021-09-01;RREO;AL;2704302;1031597;<MR-11>;DeducaoDeReceitaParaFormacaoDoFUNDEB;Dedução de Receita para Formação do FUNDEB;13902369.68;9;2021;5;270430;sim;Maceió;27
2021-10-01;RREO;AL;2704302;1031597;<MR-10>;DeducaoDeReceitaParaFormacaoDoFUNDEB;Dedução de Receita para Formação do FUNDEB;15521983.47;10;2021;5;270430;sim;Maceió;27
2021-11-01;RREO;AL;2704302;1031597;<MR-9>;DeducaoDeReceitaParaFormacaoDoFUNDEB;Dedução de Receita para Formação do FUNDEB;19005741.45;11;2021;6;270430;sim;Maceió;27
2021-12-01;RREO;AL;2704302;1031597;<MR-8>;DeducaoDeReceitaParaFormacaoDoFUNDEB;Dedução de Receita para Formação do FUNDEB;17967119.0;12;2021;6;270430;sim;Maceió;27
2022-01-01;RREO;AL;2704302;1031597;<MR-7>;DeducaoDeReceitaParaFormacaoDoFUNDEB;Dedução de Receita para Formação do FUNDEB;18666801.61;1;2022;1;270430;sim;Maceió;27
2022-02-01;RREO;AL;2704302;1031597;<MR-6>;DeducaoDeReceitaParaFormacaoDoFUNDEB;Dedução de Receita para Formação do FUNDEB;25273583.55;2;2022;1;270430;sim;Maceió;27
2022-03-01;RREO;AL;2704302;1031597;<MR-5>;DeducaoDeReceitaParaFormacaoDoFUNDEB;Dedução de Receita para Formação do FUNDEB;13918104.51;3;2022;2;270430;sim;Maceió;27
2022-04-01;RREO;AL;2704302;1031597;<MR-4>;DeducaoDeReceitaParaFormacaoDoFUNDEB;Dedução de Receita para Formação do FUNDEB;18517836.19;4;2022;2;270430;sim;Maceió;27
2022-05-01;RREO;AL;2704302;1031597;<MR-3>;DeducaoDeReceitaParaFormacaoDoFUNDEB;Dedução de Receita para Formação do FUNDEB;22486269.26;5;2022;3;270430;sim;Maceió;27
2022-06-01;RREO;AL;2704302;1031597;<MR-2>;DeducaoDeReceitaParaFormacaoDoFUNDEB;Dedução de Receita para Formação do FUNDEB;23557068.04;6;2022;3;270430;sim;Maceió;27
2022-07-01;RREO;AL;2704302;1031597;<MR-1>;DeducaoDeReceitaParaFormacaoDoFUNDEB;Dedução de Receita para Formação do FUNDEB;18531761.35;7;2022;4;270430;sim;Maceió;27
2022-08-01;RREO;AL;2704302;1031597;<MR>;DeducaoDeReceitaParaFormacaoDoFUNDEB;Dedução de Receita para Formação do FUNDEB;19411777.07;8;2022;4;270430;sim;Maceió;27
2021-09-01;RREO;AL;2704302;1031597;<MR-11>;RREO3ReceitaCorrenteLiquida;RECEITA CORRENTE LÍQUIDA (III) = (I - II);208468168.15;9;2021;5;270430;sim;Maceió;27
2021-10-01;RREO;AL;2704302;1031597;<MR-10>;RREO3ReceitaCorrenteLiquida;RECEITA CORRENTE LÍQUIDA (III) = (I - II);201060347.77;10;2021;5;270430;sim;Maceió;27
2021-11-01;RREO;AL;2704302;1031597;<MR-9>;RREO3ReceitaCorrenteLiquida;RECEITA CORRENTE LÍQUIDA (III) = (I - II);201970851.38;11;2021;6;270430;sim;Maceió;27
2021-12-01;RREO;AL;2704302;1031597;<MR-8>;RREO3ReceitaCorrenteLiquida;RECEITA CORRENTE LÍQUIDA (III) = (I - II);316750183.54;12;2021;6;270430;sim;Maceió;27
2022-01-01;RREO;AL;2704302;1031597;<MR-7>;RREO3ReceitaCorrenteLiquida;RECEITA CORRENTE LÍQUIDA (III) = (I - II);202559318.76;1;2022;1;270430;sim;Maceió;27
2022-02-01;RREO;AL;2704302;1031597;<MR-6>;RREO3ReceitaCorrenteLiquida;RECEITA CORRENTE LÍQUIDA (III) = (I - II);240767024.4;2;2022;1;270430;sim;Maceió;27
2022-03-01;RREO;AL;2704302;1031597;<MR-5>;RREO3ReceitaCorrenteLiquida;RECEITA CORRENTE LÍQUIDA (III) = (I - II);255811278.92;3;2022;2;270430;sim;Maceió;27
2022-04-01;RREO;AL;2704302;1031597;<MR-4>;RREO3ReceitaCorrenteLiquida;RECEITA CORRENTE LÍQUIDA (III) = (I - II);277273853.67;4;2022;2;270430;sim;Maceió;27
2022-05-01;RREO;AL;2704302;1031597;<MR-3>;RREO3ReceitaCorrenteLiquida;RECEITA CORRENTE LÍQUIDA (III) = (I - II);263554368.62;5;2022;3;270430;sim;Maceió;27
2022-06-01;RREO;AL;2704302;1031597;<MR-2>;RREO3ReceitaCorrenteLiquida;RECEITA CORRENTE LÍQUIDA (III) = (I - II);271872655.85;6;2022;3;270430;sim;Maceió;27
2022-07-01;RREO;AL;2704302;1031597;<MR-1>;RREO3ReceitaCorrenteLiquida;RECEITA CORRENTE LÍQUIDA (III) = (I - II);309672400.56;7;2022;4;270430;sim;Maceió;27
2022-08-01;RREO;AL;2704302;1031597;<MR>;RREO3ReceitaCorrenteLiquida;RECEITA CORRENTE LÍQUIDA (III) = (I - II);243202645.59;8;2022;4;270430;sim;Maceió;27
2021-10-01;RREO;AL;2704302;1031597;<MR-10>;RREO3TransferenciasObrigatoriasDaUniaoRelativasAsEmendasIndividuais;(-) Transferências obrigatórias da União relativas às emendas individuais (art. 166-A, § 1º, da CF)  (IV);900454.0;10;2021;5;270430;sim;Maceió;27
2022-01-01;RREO;AL;2704302;1031597;<MR-7>;RREO3TransferenciasObrigatoriasDaUniaoRelativasAsEmendasIndividuais;(-) Transferências obrigatórias da União relativas às emendas individuais (art. 166-A, § 1º, da CF)  (IV);344494.35;1;2022;1;270430;sim;Maceió;27
2022-02-01;RREO;AL;2704302;1031597;<MR-6>;RREO3TransferenciasObrigatoriasDaUniaoRelativasAsEmendasIndividuais;(-) Transferências obrigatórias da União relativas às emendas individuais (art. 166-A, § 1º, da CF)  (IV);1595075.65;2;2022;1;270430;sim;Maceió;27
2022-03-01;RREO;AL;2704302;1031597;<MR-5>;RREO3TransferenciasObrigatoriasDaUniaoRelativasAsEmendasIndividuais;(-) Transferências obrigatórias da União relativas às emendas individuais (art. 166-A, § 1º, da CF)  (IV);1500000.0;3;2022;2;270430;sim;Maceió;27
2022-05-01;RREO;AL;2704302;1031597;<MR-3>;RREO3TransferenciasObrigatoriasDaUniaoRelativasAsEmendasIndividuais;(-) Transferências obrigatórias da União relativas às emendas individuais (art. 166-A, § 1º, da CF)  (IV);-632793.0;5;2022;3;270430;sim;Maceió;27
2022-06-01;RREO;AL;2704302;1031597;<MR-2>;RREO3TransferenciasObrigatoriasDaUniaoRelativasAsEmendasIndividuais;(-) Transferências obrigatórias da União relativas às emendas individuais (art. 166-A, § 1º, da CF)  (IV);15830983.0;6;2022;3;270430;sim;Maceió;27
2022-07-01;RREO;AL;2704302;1031597;<MR-1>;RREO3TransferenciasObrigatoriasDaUniaoRelativasAsEmendasIndividuais;(-) Transferências obrigatórias da União relativas às emendas individuais (art. 166-A, § 1º, da CF)  (IV);6723618.0;7;2022;4;270430;sim;Maceió;27
2022-08-01;RREO;AL;2704302;1031597;<MR>;RREO3TransferenciasObrigatoriasDaUniaoRelativasAsEmendasIndividuais;(-) Transferências obrigatórias da União relativas às emendas individuais (art. 166-A, § 1º, da CF)  (IV);-596107.0;8;2022;4;270430;sim;Maceió;27
2021-09-01;RREO;AL;2704302;1031597;<MR-11>;RREO3ReceitaCorrenteLiquidaAjustadaParaCalculoDosLimitesDeEndividamento;RECEITA CORRENTE LÍQUIDA AJUSTADA PARA CÁLCULO DOS LIMITES DE ENDIVIDAMENTO (V) = (III - IV);208468168.15;9;2021;5;270430;sim;Maceió;27
2021-10-01;RREO;AL;2704302;1031597;<MR-10>;RREO3ReceitaCorrenteLiquidaAjustadaParaCalculoDosLimitesDeEndividamento;RECEITA CORRENTE LÍQUIDA AJUSTADA PARA CÁLCULO DOS LIMITES DE ENDIVIDAMENTO (V) = (III - IV);200159893.77;10;2021;5;270430;sim;Maceió;27
2021-11-01;RREO;AL;2704302;1031597;<MR-9>;RREO3ReceitaCorrenteLiquidaAjustadaParaCalculoDosLimitesDeEndividamento;RECEITA CORRENTE LÍQUIDA AJUSTADA PARA CÁLCULO DOS LIMITES DE ENDIVIDAMENTO (V) = (III - IV);201970851.38;11;2021;6;270430;sim;Maceió;27
2021-12-01;RREO;AL;2704302;1031597;<MR-8>;RREO3ReceitaCorrenteLiquidaAjustadaParaCalculoDosLimitesDeEndividamento;RECEITA CORRENTE LÍQUIDA AJUSTADA PARA CÁLCULO DOS LIMITES DE ENDIVIDAMENTO (V) = (III - IV);316750183.54;12;2021;6;270430;sim;Maceió;27
2022-01-01;RREO;AL;2704302;1031597;<MR-7>;RREO3ReceitaCorrenteLiquidaAjustadaParaCalculoDosLimitesDeEndividamento;RECEITA CORRENTE LÍQUIDA AJUSTADA PARA CÁLCULO DOS LIMITES DE ENDIVIDAMENTO (V) = (III - IV);202214824.41;1;2022;1;270430;sim;Maceió;27
2022-02-01;RREO;AL;2704302;1031597;<MR-6>;RREO3ReceitaCorrenteLiquidaAjustadaParaCalculoDosLimitesDeEndividamento;RECEITA CORRENTE LÍQUIDA AJUSTADA PARA CÁLCULO DOS LIMITES DE ENDIVIDAMENTO (V) = (III - IV);239171948.75;2;2022;1;270430;sim;Maceió;27
2022-03-01;RREO;AL;2704302;1031597;<MR-5>;RREO3ReceitaCorrenteLiquidaAjustadaParaCalculoDosLimitesDeEndividamento;RECEITA CORRENTE LÍQUIDA AJUSTADA PARA CÁLCULO DOS LIMITES DE ENDIVIDAMENTO (V) = (III - IV);254311278.92;3;2022;2;270430;sim;Maceió;27
2022-04-01;RREO;AL;2704302;1031597;<MR-4>;RREO3ReceitaCorrenteLiquidaAjustadaParaCalculoDosLimitesDeEndividamento;RECEITA CORRENTE LÍQUIDA AJUSTADA PARA CÁLCULO DOS LIMITES DE ENDIVIDAMENTO (V) = (III - IV);277273853.67;4;2022;2;270430;sim;Maceió;27
2022-05-01;RREO;AL;2704302;1031597;<MR-3>;RREO3ReceitaCorrenteLiquidaAjustadaParaCalculoDosLimitesDeEndividamento;RECEITA CORRENTE LÍQUIDA AJUSTADA PARA CÁLCULO DOS LIMITES DE ENDIVIDAMENTO (V) = (III - IV);264187161.62;5;2022;3;270430;sim;Maceió;27
2022-06-01;RREO;AL;2704302;1031597;<MR-2>;RREO3ReceitaCorrenteLiquidaAjustadaParaCalculoDosLimitesDeEndividamento;RECEITA CORRENTE LÍQUIDA AJUSTADA PARA CÁLCULO DOS LIMITES DE ENDIVIDAMENTO (V) = (III - IV);256041672.85;6;2022;3;270430;sim;Maceió;27
2022-07-01;RREO;AL;2704302;1031597;<MR-1>;RREO3ReceitaCorrenteLiquidaAjustadaParaCalculoDosLimitesDeEndividamento;RECEITA CORRENTE LÍQUIDA AJUSTADA PARA CÁLCULO DOS LIMITES DE ENDIVIDAMENTO (V) = (III - IV);302948782.56;7;2022;4;270430;sim;Maceió;27
2022-08-01;RREO;AL;2704302;1031597;<MR>;RREO3ReceitaCorrenteLiquidaAjustadaParaCalculoDosLimitesDeEndividamento;RECEITA CORRENTE LÍQUIDA AJUSTADA PARA CÁLCULO DOS LIMITES DE ENDIVIDAMENTO (V) = (III - IV);243798752.59;8;2022;4;270430;sim;Maceió;27
2022-03-01;RREO;AL;2704302;1031597;<MR-5>;RREO3TransferenciasObrigatoriasDaUniaoRelativasAsEmendasDeBancada;(-) Transferências obrigatórias da União relativas às emendas de bancada  (art. 166, § 16, da CF)  (VI);2000000.0;3;2022;2;270430;sim;Maceió;27
2022-05-01;RREO;AL;2704302;1031597;<MR-3>;RREO3TransferenciasObrigatoriasDaUniaoRelativasAsEmendasDeBancada;(-) Transferências obrigatórias da União relativas às emendas de bancada  (art. 166, § 16, da CF)  (VI);15250000.0;5;2022;3;270430;sim;Maceió;27
2022-06-01;RREO;AL;2704302;1031597;<MR-2>;RREO3TransferenciasObrigatoriasDaUniaoRelativasAsEmendasDeBancada;(-) Transferências obrigatórias da União relativas às emendas de bancada  (art. 166, § 16, da CF)  (VI);31032751.0;6;2022;3;270430;sim;Maceió;27
2022-07-01;RREO;AL;2704302;1031597;<MR-1>;RREO3TransferenciasObrigatoriasDaUniaoRelativasAsEmendasDeBancada;(-) Transferências obrigatórias da União relativas às emendas de bancada  (art. 166, § 16, da CF)  (VI);28420000.0;7;2022;4;270430;sim;Maceió;27
2022-08-01;RREO;AL;2704302;1031597;<MR>;RREO3TransferenciasObrigatoriasDaUniaoRelativasAsEmendasDeBancada;(-) Transferências obrigatórias da União relativas às emendas de bancada  (art. 166, § 16, da CF)  (VI);1000000.0;8;2022;4;270430;sim;Maceió;27
2021-09-01;RREO;AL;2704302;1031597;<MR-11>;RREO3ReceitaCorrenteLiquidaAjustadaParaCalculoDosLimitesDaDespesaComPessoal;RECEITA CORRENTE LÍQUIDA AJUSTADA PARA CÁLCULO DOS LIMITES DA DESPESA COM PESSOAL (VII) = (V - VI);208468168.15;9;2021;5;270430;sim;Maceió;27
2021-10-01;RREO;AL;2704302;1031597;<MR-10>;RREO3ReceitaCorrenteLiquidaAjustadaParaCalculoDosLimitesDaDespesaComPessoal;RECEITA CORRENTE LÍQUIDA AJUSTADA PARA CÁLCULO DOS LIMITES DA DESPESA COM PESSOAL (VII) = (V - VI);200159893.77;10;2021;5;270430;sim;Maceió;27
2021-11-01;RREO;AL;2704302;1031597;<MR-9>;RREO3ReceitaCorrenteLiquidaAjustadaParaCalculoDosLimitesDaDespesaComPessoal;RECEITA CORRENTE LÍQUIDA AJUSTADA PARA CÁLCULO DOS LIMITES DA DESPESA COM PESSOAL (VII) = (V - VI);201970851.38;11;2021;6;270430;sim;Maceió;27
2021-12-01;RREO;AL;2704302;1031597;<MR-8>;RREO3ReceitaCorrenteLiquidaAjustadaParaCalculoDosLimitesDaDespesaComPessoal;RECEITA CORRENTE LÍQUIDA AJUSTADA PARA CÁLCULO DOS LIMITES DA DESPESA COM PESSOAL (VII) = (V - VI);316750183.54;12;2021;6;270430;sim;Maceió;27
2022-01-01;RREO;AL;2704302;1031597;<MR-7>;RREO3ReceitaCorrenteLiquidaAjustadaParaCalculoDosLimitesDaDespesaComPessoal;RECEITA CORRENTE LÍQUIDA AJUSTADA PARA CÁLCULO DOS LIMITES DA DESPESA COM PESSOAL (VII) = (V - VI);202214824.41;1;2022;1;270430;sim;Maceió;27
2022-02-01;RREO;AL;2704302;1031597;<MR-6>;RREO3ReceitaCorrenteLiquidaAjustadaParaCalculoDosLimitesDaDespesaComPessoal;RECEITA CORRENTE LÍQUIDA AJUSTADA PARA CÁLCULO DOS LIMITES DA DESPESA COM PESSOAL (VII) = (V - VI);239171948.75;2;2022;1;270430;sim;Maceió;27
2022-03-01;RREO;AL;2704302;1031597;<MR-5>;RREO3ReceitaCorrenteLiquidaAjustadaParaCalculoDosLimitesDaDespesaComPessoal;RECEITA CORRENTE LÍQUIDA AJUSTADA PARA CÁLCULO DOS LIMITES DA DESPESA COM PESSOAL (VII) = (V - VI);252311278.92;3;2022;2;270430;sim;Maceió;27
2022-04-01;RREO;AL;2704302;1031597;<MR-4>;RREO3ReceitaCorrenteLiquidaAjustadaParaCalculoDosLimitesDaDespesaComPessoal;RECEITA CORRENTE LÍQUIDA AJUSTADA PARA CÁLCULO DOS LIMITES DA DESPESA COM PESSOAL (VII) = (V - VI);277273853.67;4;2022;2;270430;sim;Maceió;27
2022-05-01;RREO;AL;2704302;1031597;<MR-3>;RREO3ReceitaCorrenteLiquidaAjustadaParaCalculoDosLimitesDaDespesaComPessoal;RECEITA CORRENTE LÍQUIDA AJUSTADA PARA CÁLCULO DOS LIMITES DA DESPESA COM PESSOAL (VII) = (V - VI);248937161.62;5;2022;3;270430;sim;Maceió;27
2022-06-01;RREO;AL;2704302;1031597;<MR-2>;RREO3ReceitaCorrenteLiquidaAjustadaParaCalculoDosLimitesDaDespesaComPessoal;RECEITA CORRENTE LÍQUIDA AJUSTADA PARA CÁLCULO DOS LIMITES DA DESPESA COM PESSOAL (VII) = (V - VI);225008921.85;6;2022;3;270430;sim;Maceió;27
2022-07-01;RREO;AL;2704302;1031597;<MR-1>;RREO3ReceitaCorrenteLiquidaAjustadaParaCalculoDosLimitesDaDespesaComPessoal;RECEITA CORRENTE LÍQUIDA AJUSTADA PARA CÁLCULO DOS LIMITES DA DESPESA COM PESSOAL (VII) = (V - VI);274528782.56;7;2022;4;270430;sim;Maceió;27
2022-08-01;RREO;AL;2704302;1031597;<MR>;RREO3ReceitaCorrenteLiquidaAjustadaParaCalculoDosLimitesDaDespesaComPessoal;RECEITA CORRENTE LÍQUIDA AJUSTADA PARA CÁLCULO DOS LIMITES DA DESPESA COM PESSOAL (VII) = (V - VI);242798752.59;8;2022;4;270430;sim;Maceió;27
