data;demonstrativo;uf;cod_completo;populacao;coluna;cod_conta;conta;valor;mes_num;ano;bimestre;cd_municipio;capital;nome_municipio;cd_uf
2021-03-01;RREO;AM;1302603;2255903;<MR-11>;ReceitasCorrentesLiquidasExcetoTransferenciasEFUNDEB;RECEITAS CORRENTES (I);518143872.93;3;2021;2;130260;sim;Manaus;13
2021-04-01;RREO;AM;1302603;2255903;<MR-10>;ReceitasCorrentesLiquidasExcetoTransferenciasEFUNDEB;RECEITAS CORRENTES (I);591790429.43;4;2021;2;130260;sim;Manaus;13
2021-05-01;RREO;AM;1302603;2255903;<MR-9>;ReceitasCorrentesLiquidasExcetoTransferenciasEFUNDEB;RECEITAS CORRENTES (I);564935308.18;5;2021;3;130260;sim;Manaus;13
2021-06-01;RREO;AM;1302603;2255903;<MR-8>;ReceitasCorrentesLiquidasExcetoTransferenciasEFUNDEB;RECEITAS CORRENTES (I);560306581.98;6;2021;3;130260;sim;Manaus;13
2021-07-01;RREO;AM;1302603;2255903;<MR-7>;ReceitasCorrentesLiquidasExcetoTransferenciasEFUNDEB;RECEITAS CORRENTES (I);561695739.5;7;2021;4;130260;sim;Manaus;13
2021-08-01;RREO;AM;1302603;2255903;<MR-6>;ReceitasCorrentesLiquidasExcetoTransferenciasEFUNDEB;RECEITAS CORRENTES (I);531995568.96;8;2021;4;130260;sim;Manaus;13
2021-09-01;RREO;AM;1302603;2255903;<MR-5>;ReceitasCorrentesLiquidasExcetoTransferenciasEFUNDEB;RECEITAS CORRENTES (I);563434293.34;9;2021;5;130260;sim;Manaus;13
2021-10-01;RREO;AM;1302603;2255903;<MR-4>;ReceitasCorrentesLiquidasExcetoTransferenciasEFUNDEB;RECEITAS CORRENTES (I);557859911.24;10;2021;5;130260;sim;Manaus;13
2021-11-01;RREO;AM;1302603;2255903;<MR-3>;ReceitasCorrentesLiquidasExcetoTransferenciasEFUNDEB;RECEITAS CORRENTES (I);621762643.67;11;2021;6;130260;sim;Manaus;13
2021-12-01;RREO;AM;1302603;2255903;<MR-2>;ReceitasCorrentesLiquidasExcetoTransferenciasEFUNDEB;RECEITAS CORRENTES (I);739982314.37;12;2021;6;130260;sim;Manaus;13
2022-01-01;RREO;AM;1302603;2255903;<MR-1>;ReceitasCorrentesLiquidasExcetoTransferenciasEFUNDEB;RECEITAS CORRENTES (I);589827557.29;1;2022;1;130260;sim;Manaus;13
2022-02-01;RREO;AM;1302603;2255903;<MR>;ReceitasCorrentesLiquidasExcetoTransferenciasEFUNDEB;RECEITAS CORRENTES (I);561692828.13;2;2022;1;130260;sim;Manaus;13
2021-03-01;RREO;AM;1302603;2255903;<MR-11>;ReceitaTributariaLiquidaExcetoTransferenciasEFUNDEB;Impostos, Taxas e Contribuições de Melhoria;105344953.2;3;2021;2;130260;sim;Manaus;13
2021-04-01;RREO;AM;1302603;2255903;<MR-10>;ReceitaTributariaLiquidaExcetoTransferenciasEFUNDEB;Impostos, Taxas e Contribuições de Melhoria;228424653.8;4;2021;2;130260;sim;Manaus;13
2021-05-01;RREO;AM;1302603;2255903;<MR-9>;ReceitaTributariaLiquidaExcetoTransferenciasEFUNDEB;Impostos, Taxas e Contribuições de Melhoria;124803495.05;5;2021;3;130260;sim;Manaus;13
2021-06-01;RREO;AM;1302603;2255903;<MR-8>;ReceitaTributariaLiquidaExcetoTransferenciasEFUNDEB;Impostos, Taxas e Contribuições de Melhoria;120676258.4;6;2021;3;130260;sim;Manaus;13
2021-07-01;RREO;AM;1302603;2255903;<MR-7>;ReceitaTributariaLiquidaExcetoTransferenciasEFUNDEB;Impostos, Taxas e Contribuições de Melhoria;122727619.45;7;2021;4;130260;sim;Manaus;13
2021-08-01;RREO;AM;1302603;2255903;<MR-6>;ReceitaTributariaLiquidaExcetoTransferenciasEFUNDEB;Impostos, Taxas e Contribuições de Melhoria;117101715.94;8;2021;4;130260;sim;Manaus;13
2021-09-01;RREO;AM;1302603;2255903;<MR-5>;ReceitaTributariaLiquidaExcetoTransferenciasEFUNDEB;Impostos, Taxas e Contribuições de Melhoria;116840324.53;9;2021;5;130260;sim;Manaus;13
2021-10-01;RREO;AM;1302603;2255903;<MR-4>;ReceitaTributariaLiquidaExcetoTransferenciasEFUNDEB;Impostos, Taxas e Contribuições de Melhoria;121187341.44;10;2021;5;130260;sim;Manaus;13
2021-11-01;RREO;AM;1302603;2255903;<MR-3>;ReceitaTributariaLiquidaExcetoTransferenciasEFUNDEB;Impostos, Taxas e Contribuições de Melhoria;139213860.27;11;2021;6;130260;sim;Manaus;13
2021-12-01;RREO;AM;1302603;2255903;<MR-2>;ReceitaTributariaLiquidaExcetoTransferenciasEFUNDEB;Impostos, Taxas e Contribuições de Melhoria;185915542.51;12;2021;6;130260;sim;Manaus;13
2022-01-01;RREO;AM;1302603;2255903;<MR-1>;ReceitaTributariaLiquidaExcetoTransferenciasEFUNDEB;Impostos, Taxas e Contribuições de Melhoria;98415950.65;1;2022;1;130260;sim;Manaus;13
2022-02-01;RREO;AM;1302603;2255903;<MR>;ReceitaTributariaLiquidaExcetoTransferenciasEFUNDEB;Impostos, Taxas e Contribuições de Melhoria;117604047.72;2;2022;1;130260;sim;Manaus;13
2021-03-01;RREO;AM;1302603;2255903;<MR-11>;IPTULiquidoExcetoTransferenciasEFUNDEB;IPTU;18873787.74;3;2021;2;130260;sim;Manaus;13
2021-04-01;RREO;AM;1302603;2255903;<MR-10>;IPTULiquidoExcetoTransferenciasEFUNDEB;IPTU;130751803.33;4;2021;2;130260;sim;Manaus;13
2021-05-01;RREO;AM;1302603;2255903;<MR-9>;IPTULiquidoExcetoTransferenciasEFUNDEB;IPTU;20699991.38;5;2021;3;130260;sim;Manaus;13
2021-06-01;RREO;AM;1302603;2255903;<MR-8>;IPTULiquidoExcetoTransferenciasEFUNDEB;IPTU;19047608.6;6;2021;3;130260;sim;Manaus;13
2021-07-01;RREO;AM;1302603;2255903;<MR-7>;IPTULiquidoExcetoTransferenciasEFUNDEB;IPTU;19608599.96;7;2021;4;130260;sim;Manaus;13
2021-08-01;RREO;AM;1302603;2255903;<MR-6>;IPTULiquidoExcetoTransferenciasEFUNDEB;IPTU;17621864.0;8;2021;4;130260;sim;Manaus;13
2021-09-01;RREO;AM;1302603;2255903;<MR-5>;IPTULiquidoExcetoTransferenciasEFUNDEB;IPTU;16550985.96;9;2021;5;130260;sim;Manaus;13
2021-10-01;RREO;AM;1302603;2255903;<MR-4>;IPTULiquidoExcetoTransferenciasEFUNDEB;IPTU;18308262.26;10;2021;5;130260;sim;Manaus;13
2021-11-01;RREO;AM;1302603;2255903;<MR-3>;IPTULiquidoExcetoTransferenciasEFUNDEB;IPTU;20539689.12;11;2021;6;130260;sim;Manaus;13
2021-12-01;RREO;AM;1302603;2255903;<MR-2>;IPTULiquidoExcetoTransferenciasEFUNDEB;IPTU;30820046.6;12;2021;6;130260;sim;Manaus;13
2022-01-01;RREO;AM;1302603;2255903;<MR-1>;IPTULiquidoExcetoTransferenciasEFUNDEB;IPTU;7048674.89;1;2022;1;130260;sim;Manaus;13
2022-02-01;RREO;AM;1302603;2255903;<MR>;IPTULiquidoExcetoTransferenciasEFUNDEB;IPTU;18230750.31;2;2022;1;130260;sim;Manaus;13
2021-03-01;RREO;AM;1302603;2255903;<MR-11>;ISSLiquidoExcetoTransferenciasEFUNDEB;ISS;62723389.25;3;2021;2;130260;sim;Manaus;13
2021-04-01;RREO;AM;1302603;2255903;<MR-10>;ISSLiquidoExcetoTransferenciasEFUNDEB;ISS;69840350.94;4;2021;2;130260;sim;Manaus;13
2021-05-01;RREO;AM;1302603;2255903;<MR-9>;ISSLiquidoExcetoTransferenciasEFUNDEB;ISS;68947399.18;5;2021;3;130260;sim;Manaus;13
2021-06-01;RREO;AM;1302603;2255903;<MR-8>;ISSLiquidoExcetoTransferenciasEFUNDEB;ISS;72179012.86;6;2021;3;130260;sim;Manaus;13
2021-07-01;RREO;AM;1302603;2255903;<MR-7>;ISSLiquidoExcetoTransferenciasEFUNDEB;ISS;73580283.84;7;2021;4;130260;sim;Manaus;13
2021-08-01;RREO;AM;1302603;2255903;<MR-6>;ISSLiquidoExcetoTransferenciasEFUNDEB;ISS;72153502.27;8;2021;4;130260;sim;Manaus;13
2021-09-01;RREO;AM;1302603;2255903;<MR-5>;ISSLiquidoExcetoTransferenciasEFUNDEB;ISS;72738407.19;9;2021;5;130260;sim;Manaus;13
2021-10-01;RREO;AM;1302603;2255903;<MR-4>;ISSLiquidoExcetoTransferenciasEFUNDEB;ISS;76454784.84;10;2021;5;130260;sim;Manaus;13
2021-11-01;RREO;AM;1302603;2255903;<MR-3>;ISSLiquidoExcetoTransferenciasEFUNDEB;ISS;83182100.3;11;2021;6;130260;sim;Manaus;13
2021-12-01;RREO;AM;1302603;2255903;<MR-2>;ISSLiquidoExcetoTransferenciasEFUNDEB;ISS;105805118.12;12;2021;6;130260;sim;Manaus;13
2022-01-01;RREO;AM;1302603;2255903;<MR-1>;ISSLiquidoExcetoTransferenciasEFUNDEB;ISS;70690606.39;1;2022;1;130260;sim;Manaus;13
2022-02-01;RREO;AM;1302603;2255903;<MR>;ISSLiquidoExcetoTransferenciasEFUNDEB;ISS;70589979.65;2;2022;1;130260;sim;Manaus;13
2021-03-01;RREO;AM;1302603;2255903;<MR-11>;ITBILiquidoExcetoTransferenciasEFUNDEB;ITBI;6281928.23;3;2021;2;130260;sim;Manaus;13
2021-04-01;RREO;AM;1302603;2255903;<MR-10>;ITBILiquidoExcetoTransferenciasEFUNDEB;ITBI;6254033.92;4;2021;2;130260;sim;Manaus;13
2021-05-01;RREO;AM;1302603;2255903;<MR-9>;ITBILiquidoExcetoTransferenciasEFUNDEB;ITBI;6612407.21;5;2021;3;130260;sim;Manaus;13
2021-06-01;RREO;AM;1302603;2255903;<MR-8>;ITBILiquidoExcetoTransferenciasEFUNDEB;ITBI;6627917.35;6;2021;3;130260;sim;Manaus;13
2021-07-01;RREO;AM;1302603;2255903;<MR-7>;ITBILiquidoExcetoTransferenciasEFUNDEB;ITBI;8904106.22;7;2021;4;130260;sim;Manaus;13
2021-08-01;RREO;AM;1302603;2255903;<MR-6>;ITBILiquidoExcetoTransferenciasEFUNDEB;ITBI;8752023.43;8;2021;4;130260;sim;Manaus;13
2021-09-01;RREO;AM;1302603;2255903;<MR-5>;ITBILiquidoExcetoTransferenciasEFUNDEB;ITBI;7269122.56;9;2021;5;130260;sim;Manaus;13
2021-10-01;RREO;AM;1302603;2255903;<MR-4>;ITBILiquidoExcetoTransferenciasEFUNDEB;ITBI;6719234.39;10;2021;5;130260;sim;Manaus;13
2021-11-01;RREO;AM;1302603;2255903;<MR-3>;ITBILiquidoExcetoTransferenciasEFUNDEB;ITBI;6097214.65;11;2021;6;130260;sim;Manaus;13
2021-12-01;RREO;AM;1302603;2255903;<MR-2>;ITBILiquidoExcetoTransferenciasEFUNDEB;ITBI;7034664.37;12;2021;6;130260;sim;Manaus;13
2022-01-01;RREO;AM;1302603;2255903;<MR-1>;ITBILiquidoExcetoTransferenciasEFUNDEB;ITBI;5706329.43;1;2022;1;130260;sim;Manaus;13
2022-02-01;RREO;AM;1302603;2255903;<MR>;ITBILiquidoExcetoTransferenciasEFUNDEB;ITBI;7589607.04;2;2022;1;130260;sim;Manaus;13
2021-03-01;RREO;AM;1302603;2255903;<MR-11>;IRRFLiquidoExcetoTransferenciasEFUNDEB;IRRF;13563963.21;3;2021;2;130260;sim;Manaus;13
2021-04-01;RREO;AM;1302603;2255903;<MR-10>;IRRFLiquidoExcetoTransferenciasEFUNDEB;IRRF;16736999.67;4;2021;2;130260;sim;Manaus;13
2021-05-01;RREO;AM;1302603;2255903;<MR-9>;IRRFLiquidoExcetoTransferenciasEFUNDEB;IRRF;14898636.69;5;2021;3;130260;sim;Manaus;13
2021-06-01;RREO;AM;1302603;2255903;<MR-8>;IRRFLiquidoExcetoTransferenciasEFUNDEB;IRRF;17029548.5;6;2021;3;130260;sim;Manaus;13
2021-07-01;RREO;AM;1302603;2255903;<MR-7>;IRRFLiquidoExcetoTransferenciasEFUNDEB;IRRF;16336432.47;7;2021;4;130260;sim;Manaus;13
2021-08-01;RREO;AM;1302603;2255903;<MR-6>;IRRFLiquidoExcetoTransferenciasEFUNDEB;IRRF;15431398.8;8;2021;4;130260;sim;Manaus;13
2021-09-01;RREO;AM;1302603;2255903;<MR-5>;IRRFLiquidoExcetoTransferenciasEFUNDEB;IRRF;15132678.13;9;2021;5;130260;sim;Manaus;13
2021-10-01;RREO;AM;1302603;2255903;<MR-4>;IRRFLiquidoExcetoTransferenciasEFUNDEB;IRRF;16062305.38;10;2021;5;130260;sim;Manaus;13
2021-11-01;RREO;AM;1302603;2255903;<MR-3>;IRRFLiquidoExcetoTransferenciasEFUNDEB;IRRF;25885390.76;11;2021;6;130260;sim;Manaus;13
2021-12-01;RREO;AM;1302603;2255903;<MR-2>;IRRFLiquidoExcetoTransferenciasEFUNDEB;IRRF;36534885.67;12;2021;6;130260;sim;Manaus;13
2022-01-01;RREO;AM;1302603;2255903;<MR-1>;IRRFLiquidoExcetoTransferenciasEFUNDEB;IRRF;12227355.13;1;2022;1;130260;sim;Manaus;13
2022-02-01;RREO;AM;1302603;2255903;<MR>;IRRFLiquidoExcetoTransferenciasEFUNDEB;IRRF;17850615.84;2;2022;1;130260;sim;Manaus;13
2021-03-01;RREO;AM;1302603;2255903;<MR-11>;OutrasReceitasTributarias;Outros Impostos, Taxas e Contribuições de Melhoria;3901884.77;3;2021;2;130260;sim;Manaus;13
2021-04-01;RREO;AM;1302603;2255903;<MR-10>;OutrasReceitasTributarias;Outros Impostos, Taxas e Contribuições de Melhoria;4841465.94;4;2021;2;130260;sim;Manaus;13
2021-05-01;RREO;AM;1302603;2255903;<MR-9>;OutrasReceitasTributarias;Outros Impostos, Taxas e Contribuições de Melhoria;13645060.59;5;2021;3;130260;sim;Manaus;13
2021-06-01;RREO;AM;1302603;2255903;<MR-8>;OutrasReceitasTributarias;Outros Impostos, Taxas e Contribuições de Melhoria;5792171.09;6;2021;3;130260;sim;Manaus;13
2021-07-01;RREO;AM;1302603;2255903;<MR-7>;OutrasReceitasTributarias;Outros Impostos, Taxas e Contribuições de Melhoria;4298196.96;7;2021;4;130260;sim;Manaus;13
2021-08-01;RREO;AM;1302603;2255903;<MR-6>;OutrasReceitasTributarias;Outros Impostos, Taxas e Contribuições de Melhoria;3142927.44;8;2021;4;130260;sim;Manaus;13
2021-09-01;RREO;AM;1302603;2255903;<MR-5>;OutrasReceitasTributarias;Outros Impostos, Taxas e Contribuições de Melhoria;5149130.69;9;2021;5;130260;sim;Manaus;13
2021-10-01;RREO;AM;1302603;2255903;<MR-4>;OutrasReceitasTributarias;Outros Impostos, Taxas e Contribuições de Melhoria;3642754.57;10;2021;5;130260;sim;Manaus;13
2021-11-01;RREO;AM;1302603;2255903;<MR-3>;OutrasReceitasTributarias;Outros Impostos, Taxas e Contribuições de Melhoria;3509465.44;11;2021;6;130260;sim;Manaus;13
2021-12-01;RREO;AM;1302603;2255903;<MR-2>;OutrasReceitasTributarias;Outros Impostos, Taxas e Contribuições de Melhoria;5720827.75;12;2021;6;130260;sim;Manaus;13
2022-01-01;RREO;AM;1302603;2255903;<MR-1>;OutrasReceitasTributarias;Outros Impostos, Taxas e Contribuições de Melhoria;2742984.81;1;2022;1;130260;sim;Manaus;13
2022-02-01;RREO;AM;1302603;2255903;<MR>;OutrasReceitasTributarias;Outros Impostos, Taxas e Contribuições de Melhoria;3343094.88;2;2022;1;130260;sim;Manaus;13
2021-03-01;RREO;AM;1302603;2255903;<MR-11>;RREO3ReceitaDeContribuicoes;Contribuições;23673504.95;3;2021;2;130260;sim;Manaus;13
2021-04-01;RREO;AM;1302603;2255903;<MR-10>;RREO3ReceitaDeContribuicoes;Contribuições;21346793.71;4;2021;2;130260;sim;Manaus;13
2021-05-01;RREO;AM;1302603;2255903;<MR-9>;RREO3ReceitaDeContribuicoes;Contribuições;25471533.17;5;2021;3;130260;sim;Manaus;13
2021-06-01;RREO;AM;1302603;2255903;<MR-8>;RREO3ReceitaDeContribuicoes;Contribuições;26472217.23;6;2021;3;130260;sim;Manaus;13
2021-07-01;RREO;AM;1302603;2255903;<MR-7>;RREO3ReceitaDeContribuicoes;Contribuições;30841653.14;7;2021;4;130260;sim;Manaus;13
2021-08-01;RREO;AM;1302603;2255903;<MR-6>;RREO3ReceitaDeContribuicoes;Contribuições;28018626.84;8;2021;4;130260;sim;Manaus;13
2021-09-01;RREO;AM;1302603;2255903;<MR-5>;RREO3ReceitaDeContribuicoes;Contribuições;29665056.81;9;2021;5;130260;sim;Manaus;13
2021-10-01;RREO;AM;1302603;2255903;<MR-4>;RREO3ReceitaDeContribuicoes;Contribuições;29849502.38;10;2021;5;130260;sim;Manaus;13
2021-11-01;RREO;AM;1302603;2255903;<MR-3>;RREO3ReceitaDeContribuicoes;Contribuições;32540541.64;11;2021;6;130260;sim;Manaus;13
2021-12-01;RREO;AM;1302603;2255903;<MR-2>;RREO3ReceitaDeContribuicoes;Contribuições;55759049.92;12;2021;6;130260;sim;Manaus;13
2022-01-01;RREO;AM;1302603;2255903;<MR-1>;RREO3ReceitaDeContribuicoes;Contribuições;23864109.81;1;2022;1;130260;sim;Manaus;13
2022-02-01;RREO;AM;1302603;2255903;<MR>;RREO3ReceitaDeContribuicoes;Contribuições;31505142.4;2;2022;1;130260;sim;Manaus;13
2021-03-01;RREO;AM;1302603;2255903;<MR-11>;RREO3ReceitaPatrimonial;Receita Patrimonial;5616822.25;3;2021;2;130260;sim;Manaus;13
2021-04-01;RREO;AM;1302603;2255903;<MR-10>;RREO3ReceitaPatrimonial;Receita Patrimonial;4521548.03;4;2021;2;130260;sim;Manaus;13
2021-05-01;RREO;AM;1302603;2255903;<MR-9>;RREO3ReceitaPatrimonial;Receita Patrimonial;3978824.1;5;2021;3;130260;sim;Manaus;13
2021-06-01;RREO;AM;1302603;2255903;<MR-8>;RREO3ReceitaPatrimonial;Receita Patrimonial;41489634.13;6;2021;3;130260;sim;Manaus;13
2021-07-01;RREO;AM;1302603;2255903;<MR-7>;RREO3ReceitaPatrimonial;Receita Patrimonial;4416510.75;7;2021;4;130260;sim;Manaus;13
2021-08-01;RREO;AM;1302603;2255903;<MR-6>;RREO3ReceitaPatrimonial;Receita Patrimonial;24020928.06;8;2021;4;130260;sim;Manaus;13
2021-09-01;RREO;AM;1302603;2255903;<MR-5>;RREO3ReceitaPatrimonial;Receita Patrimonial;11173009.79;9;2021;5;130260;sim;Manaus;13
2021-10-01;RREO;AM;1302603;2255903;<MR-4>;RREO3ReceitaPatrimonial;Receita Patrimonial;9718495.95;10;2021;5;130260;sim;Manaus;13
2021-11-01;RREO;AM;1302603;2255903;<MR-3>;RREO3ReceitaPatrimonial;Receita Patrimonial;15470993.24;11;2021;6;130260;sim;Manaus;13
2021-12-01;RREO;AM;1302603;2255903;<MR-2>;RREO3ReceitaPatrimonial;Receita Patrimonial;11583777.87;12;2021;6;130260;sim;Manaus;13
2022-01-01;RREO;AM;1302603;2255903;<MR-1>;RREO3ReceitaPatrimonial;Receita Patrimonial;16115530.05;1;2022;1;130260;sim;Manaus;13
2022-02-01;RREO;AM;1302603;2255903;<MR>;RREO3ReceitaPatrimonial;Receita Patrimonial;16113308.95;2;2022;1;130260;sim;Manaus;13
2021-03-01;RREO;AM;1302603;2255903;<MR-11>;RendimentosDeAplicacaoFinanceira;Rendimentos de Aplicação Financeira;5536070.08;3;2021;2;130260;sim;Manaus;13
2021-04-01;RREO;AM;1302603;2255903;<MR-10>;RendimentosDeAplicacaoFinanceira;Rendimentos de Aplicação Financeira;2001576.56;4;2021;2;130260;sim;Manaus;13
2021-05-01;RREO;AM;1302603;2255903;<MR-9>;RendimentosDeAplicacaoFinanceira;Rendimentos de Aplicação Financeira;3937326.72;5;2021;3;130260;sim;Manaus;13
2021-06-01;RREO;AM;1302603;2255903;<MR-8>;RendimentosDeAplicacaoFinanceira;Rendimentos de Aplicação Financeira;41446663.23;6;2021;3;130260;sim;Manaus;13
2021-07-01;RREO;AM;1302603;2255903;<MR-7>;RendimentosDeAplicacaoFinanceira;Rendimentos de Aplicação Financeira;3969738.42;7;2021;4;130260;sim;Manaus;13
2021-08-01;RREO;AM;1302603;2255903;<MR-6>;RendimentosDeAplicacaoFinanceira;Rendimentos de Aplicação Financeira;23975875.3;8;2021;4;130260;sim;Manaus;13
2021-09-01;RREO;AM;1302603;2255903;<MR-5>;RendimentosDeAplicacaoFinanceira;Rendimentos de Aplicação Financeira;11114514.74;9;2021;5;130260;sim;Manaus;13
2021-10-01;RREO;AM;1302603;2255903;<MR-4>;RendimentosDeAplicacaoFinanceira;Rendimentos de Aplicação Financeira;9220485.93;10;2021;5;130260;sim;Manaus;13
2021-11-01;RREO;AM;1302603;2255903;<MR-3>;RendimentosDeAplicacaoFinanceira;Rendimentos de Aplicação Financeira;15420630.44;11;2021;6;130260;sim;Manaus;13
2021-12-01;RREO;AM;1302603;2255903;<MR-2>;RendimentosDeAplicacaoFinanceira;Rendimentos de Aplicação Financeira;11524589.67;12;2021;6;130260;sim;Manaus;13
2022-01-01;RREO;AM;1302603;2255903;<MR-1>;RendimentosDeAplicacaoFinanceira;Rendimentos de Aplicação Financeira;15583528.43;1;2022;1;130260;sim;Manaus;13
2022-02-01;RREO;AM;1302603;2255903;<MR>;RendimentosDeAplicacaoFinanceira;Rendimentos de Aplicação Financeira;14476776.78;2;2022;1;130260;sim;Manaus;13
2021-03-01;RREO;AM;1302603;2255903;<MR-11>;OutrasReceitasPatrimoniais;Outras Receitas Patrimoniais;80752.17;3;2021;2;130260;sim;Manaus;13
2021-04-01;RREO;AM;1302603;2255903;<MR-10>;OutrasReceitasPatrimoniais;Outras Receitas Patrimoniais;2519971.47;4;2021;2;130260;sim;Manaus;13
2021-05-01;RREO;AM;1302603;2255903;<MR-9>;OutrasReceitasPatrimoniais;Outras Receitas Patrimoniais;41497.38;5;2021;3;130260;sim;Manaus;13
2021-06-01;RREO;AM;1302603;2255903;<MR-8>;OutrasReceitasPatrimoniais;Outras Receitas Patrimoniais;42970.9;6;2021;3;130260;sim;Manaus;13
2021-07-01;RREO;AM;1302603;2255903;<MR-7>;OutrasReceitasPatrimoniais;Outras Receitas Patrimoniais;446772.33;7;2021;4;130260;sim;Manaus;13
2021-08-01;RREO;AM;1302603;2255903;<MR-6>;OutrasReceitasPatrimoniais;Outras Receitas Patrimoniais;45052.76;8;2021;4;130260;sim;Manaus;13
2021-09-01;RREO;AM;1302603;2255903;<MR-5>;OutrasReceitasPatrimoniais;Outras Receitas Patrimoniais;58495.05;9;2021;5;130260;sim;Manaus;13
2021-10-01;RREO;AM;1302603;2255903;<MR-4>;OutrasReceitasPatrimoniais;Outras Receitas Patrimoniais;498010.02;10;2021;5;130260;sim;Manaus;13
2021-11-01;RREO;AM;1302603;2255903;<MR-3>;OutrasReceitasPatrimoniais;Outras Receitas Patrimoniais;50362.8;11;2021;6;130260;sim;Manaus;13
2021-12-01;RREO;AM;1302603;2255903;<MR-2>;OutrasReceitasPatrimoniais;Outras Receitas Patrimoniais;59188.2;12;2021;6;130260;sim;Manaus;13
2022-01-01;RREO;AM;1302603;2255903;<MR-1>;OutrasReceitasPatrimoniais;Outras Receitas Patrimoniais;532001.62;1;2022;1;130260;sim;Manaus;13
2022-02-01;RREO;AM;1302603;2255903;<MR>;OutrasReceitasPatrimoniais;Outras Receitas Patrimoniais;1636532.17;2;2022;1;130260;sim;Manaus;13
2021-03-01;RREO;AM;1302603;2255903;<MR-11>;RREO3ReceitaDeServicos;Receita de Serviços;949454.23;3;2021;2;130260;sim;Manaus;13
2021-04-01;RREO;AM;1302603;2255903;<MR-10>;RREO3ReceitaDeServicos;Receita de Serviços;1133968.84;4;2021;2;130260;sim;Manaus;13
2021-05-01;RREO;AM;1302603;2255903;<MR-9>;RREO3ReceitaDeServicos;Receita de Serviços;816297.94;5;2021;3;130260;sim;Manaus;13
2021-06-01;RREO;AM;1302603;2255903;<MR-8>;RREO3ReceitaDeServicos;Receita de Serviços;1291980.92;6;2021;3;130260;sim;Manaus;13
2021-07-01;RREO;AM;1302603;2255903;<MR-7>;RREO3ReceitaDeServicos;Receita de Serviços;934202.08;7;2021;4;130260;sim;Manaus;13
2021-08-01;RREO;AM;1302603;2255903;<MR-6>;RREO3ReceitaDeServicos;Receita de Serviços;493358.91;8;2021;4;130260;sim;Manaus;13
2021-09-01;RREO;AM;1302603;2255903;<MR-5>;RREO3ReceitaDeServicos;Receita de Serviços;1377671.73;9;2021;5;130260;sim;Manaus;13
2021-10-01;RREO;AM;1302603;2255903;<MR-4>;RREO3ReceitaDeServicos;Receita de Serviços;802925.53;10;2021;5;130260;sim;Manaus;13
2021-11-01;RREO;AM;1302603;2255903;<MR-3>;RREO3ReceitaDeServicos;Receita de Serviços;634122.19;11;2021;6;130260;sim;Manaus;13
2021-12-01;RREO;AM;1302603;2255903;<MR-2>;RREO3ReceitaDeServicos;Receita de Serviços;1169009.98;12;2021;6;130260;sim;Manaus;13
2022-01-01;RREO;AM;1302603;2255903;<MR-1>;RREO3ReceitaDeServicos;Receita de Serviços;2959821.84;1;2022;1;130260;sim;Manaus;13
2022-02-01;RREO;AM;1302603;2255903;<MR>;RREO3ReceitaDeServicos;Receita de Serviços;12688401.47;2;2022;1;130260;sim;Manaus;13
2021-03-01;RREO;AM;1302603;2255903;<MR-11>;RREO3TransferenciasCorrentes;Transferências Correntes;378632794.55;3;2021;2;130260;sim;Manaus;13
2021-04-01;RREO;AM;1302603;2255903;<MR-10>;RREO3TransferenciasCorrentes;Transferências Correntes;331714170.85;4;2021;2;130260;sim;Manaus;13
2021-05-01;RREO;AM;1302603;2255903;<MR-9>;RREO3TransferenciasCorrentes;Transferências Correntes;405973961.71;5;2021;3;130260;sim;Manaus;13
2021-06-01;RREO;AM;1302603;2255903;<MR-8>;RREO3TransferenciasCorrentes;Transferências Correntes;361315000.9;6;2021;3;130260;sim;Manaus;13
2021-07-01;RREO;AM;1302603;2255903;<MR-7>;RREO3TransferenciasCorrentes;Transferências Correntes;397898652.2;7;2021;4;130260;sim;Manaus;13
2021-08-01;RREO;AM;1302603;2255903;<MR-6>;RREO3TransferenciasCorrentes;Transferências Correntes;357326123.85;8;2021;4;130260;sim;Manaus;13
2021-09-01;RREO;AM;1302603;2255903;<MR-5>;RREO3TransferenciasCorrentes;Transferências Correntes;393171278.29;9;2021;5;130260;sim;Manaus;13
2021-10-01;RREO;AM;1302603;2255903;<MR-4>;RREO3TransferenciasCorrentes;Transferências Correntes;386674366.12;10;2021;5;130260;sim;Manaus;13
2021-11-01;RREO;AM;1302603;2255903;<MR-3>;RREO3TransferenciasCorrentes;Transferências Correntes;423341367.94;11;2021;6;130260;sim;Manaus;13
2021-12-01;RREO;AM;1302603;2255903;<MR-2>;RREO3TransferenciasCorrentes;Transferências Correntes;473626449.79;12;2021;6;130260;sim;Manaus;13
2022-01-01;RREO;AM;1302603;2255903;<MR-1>;RREO3TransferenciasCorrentes;Transferências Correntes;444621819.84;1;2022;1;130260;sim;Manaus;13
2022-02-01;RREO;AM;1302603;2255903;<MR>;RREO3TransferenciasCorrentes;Transferências Correntes;378870907.6;2;2022;1;130260;sim;Manaus;13
2021-03-01;RREO;AM;1302603;2255903;<MR-11>;RREO3CotaParteDoFPM;Cota-Parte do FPM;51006519.75;3;2021;2;130260;sim;Manaus;13
2021-04-01;RREO;AM;1302603;2255903;<MR-10>;RREO3CotaParteDoFPM;Cota-Parte do FPM;53323451.48;4;2021;2;130260;sim;Manaus;13
2021-05-01;RREO;AM;1302603;2255903;<MR-9>;RREO3CotaParteDoFPM;Cota-Parte do FPM;64087446.16;5;2021;3;130260;sim;Manaus;13
2021-06-01;RREO;AM;1302603;2255903;<MR-8>;RREO3CotaParteDoFPM;Cota-Parte do FPM;55425689.68;6;2021;3;130260;sim;Manaus;13
2021-07-01;RREO;AM;1302603;2255903;<MR-7>;RREO3CotaParteDoFPM;Cota-Parte do FPM;75732630.65;7;2021;4;130260;sim;Manaus;13
2021-08-01;RREO;AM;1302603;2255903;<MR-6>;RREO3CotaParteDoFPM;Cota-Parte do FPM;60550654.52;8;2021;4;130260;sim;Manaus;13
2021-09-01;RREO;AM;1302603;2255903;<MR-5>;RREO3CotaParteDoFPM;Cota-Parte do FPM;47552693.91;9;2021;5;130260;sim;Manaus;13
2021-10-01;RREO;AM;1302603;2255903;<MR-4>;RREO3CotaParteDoFPM;Cota-Parte do FPM;52989569.73;10;2021;5;130260;sim;Manaus;13
2021-11-01;RREO;AM;1302603;2255903;<MR-3>;RREO3CotaParteDoFPM;Cota-Parte do FPM;68818966.38;11;2021;6;130260;sim;Manaus;13
2021-12-01;RREO;AM;1302603;2255903;<MR-2>;RREO3CotaParteDoFPM;Cota-Parte do FPM;102450471.3;12;2021;6;130260;sim;Manaus;13
2022-01-01;RREO;AM;1302603;2255903;<MR-1>;RREO3CotaParteDoFPM;Cota-Parte do FPM;71949254.75;1;2022;1;130260;sim;Manaus;13
2022-02-01;RREO;AM;1302603;2255903;<MR>;RREO3CotaParteDoFPM;Cota-Parte do FPM;100435092.62;2;2022;1;130260;sim;Manaus;13
2021-03-01;RREO;AM;1302603;2255903;<MR-11>;RREO3CotaParteDoICMS;Cota-Parte do ICMS;182626849.31;3;2021;2;130260;sim;Manaus;13
2021-04-01;RREO;AM;1302603;2255903;<MR-10>;RREO3CotaParteDoICMS;Cota-Parte do ICMS;147826999.23;4;2021;2;130260;sim;Manaus;13
2021-05-01;RREO;AM;1302603;2255903;<MR-9>;RREO3CotaParteDoICMS;Cota-Parte do ICMS;182510879.78;5;2021;3;130260;sim;Manaus;13
2021-06-01;RREO;AM;1302603;2255903;<MR-8>;RREO3CotaParteDoICMS;Cota-Parte do ICMS;166050183.59;6;2021;3;130260;sim;Manaus;13
2021-07-01;RREO;AM;1302603;2255903;<MR-7>;RREO3CotaParteDoICMS;Cota-Parte do ICMS;181857209.98;7;2021;4;130260;sim;Manaus;13
2021-08-01;RREO;AM;1302603;2255903;<MR-6>;RREO3CotaParteDoICMS;Cota-Parte do ICMS;160996765.91;8;2021;4;130260;sim;Manaus;13
2021-09-01;RREO;AM;1302603;2255903;<MR-5>;RREO3CotaParteDoICMS;Cota-Parte do ICMS;190835148.36;9;2021;5;130260;sim;Manaus;13
2021-10-01;RREO;AM;1302603;2255903;<MR-4>;RREO3CotaParteDoICMS;Cota-Parte do ICMS;183602529.37;10;2021;5;130260;sim;Manaus;13
2021-11-01;RREO;AM;1302603;2255903;<MR-3>;RREO3CotaParteDoICMS;Cota-Parte do ICMS;199538324.17;11;2021;6;130260;sim;Manaus;13
2021-12-01;RREO;AM;1302603;2255903;<MR-2>;RREO3CotaParteDoICMS;Cota-Parte do ICMS;176938145.02;12;2021;6;130260;sim;Manaus;13
2022-01-01;RREO;AM;1302603;2255903;<MR-1>;RREO3CotaParteDoICMS;Cota-Parte do ICMS;178936515.93;1;2022;1;130260;sim;Manaus;13
2022-02-01;RREO;AM;1302603;2255903;<MR>;RREO3CotaParteDoICMS;Cota-Parte do ICMS;128543212.06;2;2022;1;130260;sim;Manaus;13
2021-03-01;RREO;AM;1302603;2255903;<MR-11>;RREO3CotaParteDoIPVA;Cota-Parte do IPVA;20159705.1;3;2021;2;130260;sim;Manaus;13
2021-04-01;RREO;AM;1302603;2255903;<MR-10>;RREO3CotaParteDoIPVA;Cota-Parte do IPVA;17829439.59;4;2021;2;130260;sim;Manaus;13
2021-05-01;RREO;AM;1302603;2255903;<MR-9>;RREO3CotaParteDoIPVA;Cota-Parte do IPVA;17343061.33;5;2021;3;130260;sim;Manaus;13
2021-06-01;RREO;AM;1302603;2255903;<MR-8>;RREO3CotaParteDoIPVA;Cota-Parte do IPVA;19902736.24;6;2021;3;130260;sim;Manaus;13
2021-07-01;RREO;AM;1302603;2255903;<MR-7>;RREO3CotaParteDoIPVA;Cota-Parte do IPVA;21675381.15;7;2021;4;130260;sim;Manaus;13
2021-08-01;RREO;AM;1302603;2255903;<MR-6>;RREO3CotaParteDoIPVA;Cota-Parte do IPVA;19206960.22;8;2021;4;130260;sim;Manaus;13
2021-09-01;RREO;AM;1302603;2255903;<MR-5>;RREO3CotaParteDoIPVA;Cota-Parte do IPVA;22488938.51;9;2021;5;130260;sim;Manaus;13
2021-10-01;RREO;AM;1302603;2255903;<MR-4>;RREO3CotaParteDoIPVA;Cota-Parte do IPVA;14586234.37;10;2021;5;130260;sim;Manaus;13
2021-11-01;RREO;AM;1302603;2255903;<MR-3>;RREO3CotaParteDoIPVA;Cota-Parte do IPVA;14768433.5;11;2021;6;130260;sim;Manaus;13
2021-12-01;RREO;AM;1302603;2255903;<MR-2>;RREO3CotaParteDoIPVA;Cota-Parte do IPVA;11264884.91;12;2021;6;130260;sim;Manaus;13
2022-01-01;RREO;AM;1302603;2255903;<MR-1>;RREO3CotaParteDoIPVA;Cota-Parte do IPVA;17726718.21;1;2022;1;130260;sim;Manaus;13
2022-02-01;RREO;AM;1302603;2255903;<MR>;RREO3CotaParteDoIPVA;Cota-Parte do IPVA;17380958.98;2;2022;1;130260;sim;Manaus;13
2021-03-01;RREO;AM;1302603;2255903;<MR-11>;RREO3CotaParteDoITR;Cota-Parte do ITR;9867.66;3;2021;2;130260;sim;Manaus;13
2021-04-01;RREO;AM;1302603;2255903;<MR-10>;RREO3CotaParteDoITR;Cota-Parte do ITR;1900.58;4;2021;2;130260;sim;Manaus;13
2021-05-01;RREO;AM;1302603;2255903;<MR-9>;RREO3CotaParteDoITR;Cota-Parte do ITR;5653.38;5;2021;3;130260;sim;Manaus;13
2021-06-01;RREO;AM;1302603;2255903;<MR-8>;RREO3CotaParteDoITR;Cota-Parte do ITR;6259.36;6;2021;3;130260;sim;Manaus;13
2021-07-01;RREO;AM;1302603;2255903;<MR-7>;RREO3CotaParteDoITR;Cota-Parte do ITR;2748.15;7;2021;4;130260;sim;Manaus;13
2021-08-01;RREO;AM;1302603;2255903;<MR-6>;RREO3CotaParteDoITR;Cota-Parte do ITR;4733.47;8;2021;4;130260;sim;Manaus;13
2021-09-01;RREO;AM;1302603;2255903;<MR-5>;RREO3CotaParteDoITR;Cota-Parte do ITR;5764.74;9;2021;5;130260;sim;Manaus;13
2021-10-01;RREO;AM;1302603;2255903;<MR-4>;RREO3CotaParteDoITR;Cota-Parte do ITR;51432.79;10;2021;5;130260;sim;Manaus;13
2021-11-01;RREO;AM;1302603;2255903;<MR-3>;RREO3CotaParteDoITR;Cota-Parte do ITR;13350.66;11;2021;6;130260;sim;Manaus;13
2021-12-01;RREO;AM;1302603;2255903;<MR-2>;RREO3CotaParteDoITR;Cota-Parte do ITR;7642.87;12;2021;6;130260;sim;Manaus;13
2022-01-01;RREO;AM;1302603;2255903;<MR-1>;RREO3CotaParteDoITR;Cota-Parte do ITR;19950.81;1;2022;1;130260;sim;Manaus;13
2022-02-01;RREO;AM;1302603;2255903;<MR>;RREO3CotaParteDoITR;Cota-Parte do ITR;10321.67;2;2022;1;130260;sim;Manaus;13
2021-04-01;RREO;AM;1302603;2255903;<MR-10>;RREO3TransferenciasDaLC871996;Transferências da LC nº 87/1996;-702046.02;4;2021;2;130260;sim;Manaus;13
2021-03-01;RREO;AM;1302603;2255903;<MR-11>;RREO3TransferenciasDaLC611989;Transferências da LC nº 61/1989;477696.64;3;2021;2;130260;sim;Manaus;13
2021-04-01;RREO;AM;1302603;2255903;<MR-10>;RREO3TransferenciasDaLC611989;Transferências da LC nº 61/1989;541325.94;4;2021;2;130260;sim;Manaus;13
2021-05-01;RREO;AM;1302603;2255903;<MR-9>;RREO3TransferenciasDaLC611989;Transferências da LC nº 61/1989;469755.66;5;2021;3;130260;sim;Manaus;13
2021-06-01;RREO;AM;1302603;2255903;<MR-8>;RREO3TransferenciasDaLC611989;Transferências da LC nº 61/1989;490046.05;6;2021;3;130260;sim;Manaus;13
2021-07-01;RREO;AM;1302603;2255903;<MR-7>;RREO3TransferenciasDaLC611989;Transferências da LC nº 61/1989;530697.3;7;2021;4;130260;sim;Manaus;13
2021-08-01;RREO;AM;1302603;2255903;<MR-6>;RREO3TransferenciasDaLC611989;Transferências da LC nº 61/1989;423475.67;8;2021;4;130260;sim;Manaus;13
2021-09-01;RREO;AM;1302603;2255903;<MR-5>;RREO3TransferenciasDaLC611989;Transferências da LC nº 61/1989;535161.18;9;2021;5;130260;sim;Manaus;13
2021-10-01;RREO;AM;1302603;2255903;<MR-4>;RREO3TransferenciasDaLC611989;Transferências da LC nº 61/1989;561500.85;10;2021;5;130260;sim;Manaus;13
2021-11-01;RREO;AM;1302603;2255903;<MR-3>;RREO3TransferenciasDaLC611989;Transferências da LC nº 61/1989;530138.3;11;2021;6;130260;sim;Manaus;13
2021-12-01;RREO;AM;1302603;2255903;<MR-2>;RREO3TransferenciasDaLC611989;Transferências da LC nº 61/1989;488074.03;12;2021;6;130260;sim;Manaus;13
2022-01-01;RREO;AM;1302603;2255903;<MR-1>;RREO3TransferenciasDaLC611989;Transferências da LC nº 61/1989;670147.07;1;2022;1;130260;sim;Manaus;13
2022-02-01;RREO;AM;1302603;2255903;<MR>;RREO3TransferenciasDaLC611989;Transferências da LC nº 61/1989;480392.79;2;2022;1;130260;sim;Manaus;13
2021-03-01;RREO;AM;1302603;2255903;<MR-11>;RREO3TransferenciasDoFUNDEB;Transferências do FUNDEB;94929904.2;3;2021;2;130260;sim;Manaus;13
2021-04-01;RREO;AM;1302603;2255903;<MR-10>;RREO3TransferenciasDoFUNDEB;Transferências do FUNDEB;86169119.88;4;2021;2;130260;sim;Manaus;13
2021-05-01;RREO;AM;1302603;2255903;<MR-9>;RREO3TransferenciasDoFUNDEB;Transferências do FUNDEB;99466416.88;5;2021;3;130260;sim;Manaus;13
2021-06-01;RREO;AM;1302603;2255903;<MR-8>;RREO3TransferenciasDoFUNDEB;Transferências do FUNDEB;87346859.53;6;2021;3;130260;sim;Manaus;13
2021-07-01;RREO;AM;1302603;2255903;<MR-7>;RREO3TransferenciasDoFUNDEB;Transferências do FUNDEB;89305769.31;7;2021;4;130260;sim;Manaus;13
2021-08-01;RREO;AM;1302603;2255903;<MR-6>;RREO3TransferenciasDoFUNDEB;Transferências do FUNDEB;87111679.32;8;2021;4;130260;sim;Manaus;13
2021-09-01;RREO;AM;1302603;2255903;<MR-5>;RREO3TransferenciasDoFUNDEB;Transferências do FUNDEB;105425830.98;9;2021;5;130260;sim;Manaus;13
2021-10-01;RREO;AM;1302603;2255903;<MR-4>;RREO3TransferenciasDoFUNDEB;Transferências do FUNDEB;101780894.3;10;2021;5;130260;sim;Manaus;13
2021-11-01;RREO;AM;1302603;2255903;<MR-3>;RREO3TransferenciasDoFUNDEB;Transferências do FUNDEB;110562160.91;11;2021;6;130260;sim;Manaus;13
2021-12-01;RREO;AM;1302603;2255903;<MR-2>;RREO3TransferenciasDoFUNDEB;Transferências do FUNDEB;112960770.56;12;2021;6;130260;sim;Manaus;13
2022-01-01;RREO;AM;1302603;2255903;<MR-1>;RREO3TransferenciasDoFUNDEB;Transferências do FUNDEB;142600469.95;1;2022;1;130260;sim;Manaus;13
2022-02-01;RREO;AM;1302603;2255903;<MR>;RREO3TransferenciasDoFUNDEB;Transferências do FUNDEB;98654997.08;2;2022;1;130260;sim;Manaus;13
2021-03-01;RREO;AM;1302603;2255903;<MR-11>;RREO3OutrasTransferenciasCorrentes;Outras Transferências Correntes;29422251.89;3;2021;2;130260;sim;Manaus;13
2021-04-01;RREO;AM;1302603;2255903;<MR-10>;RREO3OutrasTransferenciasCorrentes;Outras Transferências Correntes;26723980.17;4;2021;2;130260;sim;Manaus;13
2021-05-01;RREO;AM;1302603;2255903;<MR-9>;RREO3OutrasTransferenciasCorrentes;Outras Transferências Correntes;42090748.52;5;2021;3;130260;sim;Manaus;13
2021-06-01;RREO;AM;1302603;2255903;<MR-8>;RREO3OutrasTransferenciasCorrentes;Outras Transferências Correntes;32093226.45;6;2021;3;130260;sim;Manaus;13
2021-07-01;RREO;AM;1302603;2255903;<MR-7>;RREO3OutrasTransferenciasCorrentes;Outras Transferências Correntes;28794215.66;7;2021;4;130260;sim;Manaus;13
2021-08-01;RREO;AM;1302603;2255903;<MR-6>;RREO3OutrasTransferenciasCorrentes;Outras Transferências Correntes;29031854.74;8;2021;4;130260;sim;Manaus;13
2021-09-01;RREO;AM;1302603;2255903;<MR-5>;RREO3OutrasTransferenciasCorrentes;Outras Transferências Correntes;26327740.61;9;2021;5;130260;sim;Manaus;13
2021-10-01;RREO;AM;1302603;2255903;<MR-4>;RREO3OutrasTransferenciasCorrentes;Outras Transferências Correntes;33102204.71;10;2021;5;130260;sim;Manaus;13
2021-11-01;RREO;AM;1302603;2255903;<MR-3>;RREO3OutrasTransferenciasCorrentes;Outras Transferências Correntes;29109994.02;11;2021;6;130260;sim;Manaus;13
2021-12-01;RREO;AM;1302603;2255903;<MR-2>;RREO3OutrasTransferenciasCorrentes;Outras Transferências Correntes;69516461.1;12;2021;6;130260;sim;Manaus;13
2022-01-01;RREO;AM;1302603;2255903;<MR-1>;RREO3OutrasTransferenciasCorrentes;Outras Transferências Correntes;32718763.12;1;2022;1;130260;sim;Manaus;13
2022-02-01;RREO;AM;1302603;2255903;<MR>;RREO3OutrasTransferenciasCorrentes;Outras Transferências Correntes;33365932.4;2;2022;1;130260;sim;Manaus;13
2021-03-01;RREO;AM;1302603;2255903;<MR-11>;RREO3OutrasReceitasCorrentes;Outras Receitas Correntes;3926343.75;3;2021;2;130260;sim;Manaus;13
2021-04-01;RREO;AM;1302603;2255903;<MR-10>;RREO3OutrasReceitasCorrentes;Outras Receitas Correntes;4649294.2;4;2021;2;130260;sim;Manaus;13
2021-05-01;RREO;AM;1302603;2255903;<MR-9>;RREO3OutrasReceitasCorrentes;Outras Receitas Correntes;3891196.21;5;2021;3;130260;sim;Manaus;13
2021-06-01;RREO;AM;1302603;2255903;<MR-8>;RREO3OutrasReceitasCorrentes;Outras Receitas Correntes;9061490.4;6;2021;3;130260;sim;Manaus;13
2021-07-01;RREO;AM;1302603;2255903;<MR-7>;RREO3OutrasReceitasCorrentes;Outras Receitas Correntes;4877101.88;7;2021;4;130260;sim;Manaus;13
2021-08-01;RREO;AM;1302603;2255903;<MR-6>;RREO3OutrasReceitasCorrentes;Outras Receitas Correntes;5034815.36;8;2021;4;130260;sim;Manaus;13
2021-09-01;RREO;AM;1302603;2255903;<MR-5>;RREO3OutrasReceitasCorrentes;Outras Receitas Correntes;11206952.19;9;2021;5;130260;sim;Manaus;13
2021-10-01;RREO;AM;1302603;2255903;<MR-4>;RREO3OutrasReceitasCorrentes;Outras Receitas Correntes;9627279.82;10;2021;5;130260;sim;Manaus;13
2021-11-01;RREO;AM;1302603;2255903;<MR-3>;RREO3OutrasReceitasCorrentes;Outras Receitas Correntes;10561758.39;11;2021;6;130260;sim;Manaus;13
2021-12-01;RREO;AM;1302603;2255903;<MR-2>;RREO3OutrasReceitasCorrentes;Outras Receitas Correntes;11928484.3;12;2021;6;130260;sim;Manaus;13
2022-01-01;RREO;AM;1302603;2255903;<MR-1>;RREO3OutrasReceitasCorrentes;Outras Receitas Correntes;3850325.1;1;2022;1;130260;sim;Manaus;13
2022-02-01;RREO;AM;1302603;2255903;<MR>;RREO3OutrasReceitasCorrentes;Outras Receitas Correntes;4911019.99;2;2022;1;130260;sim;Manaus;13
2021-03-01;RREO;AM;1302603;2255903;<MR-11>;DeducoesDaReceitaCorrenteLiquida;DEDUÇÕES (II);60439184.57;3;2021;2;130260;sim;Manaus;13
2021-04-01;RREO;AM;1302603;2255903;<MR-10>;DeducoesDaReceitaCorrenteLiquida;DEDUÇÕES (II);53494364.67;4;2021;2;130260;sim;Manaus;13
2021-05-01;RREO;AM;1302603;2255903;<MR-9>;DeducoesDaReceitaCorrenteLiquida;DEDUÇÕES (II);62470347.48;5;2021;3;130260;sim;Manaus;13
2021-06-01;RREO;AM;1302603;2255903;<MR-8>;DeducoesDaReceitaCorrenteLiquida;DEDUÇÕES (II);57949671.46;6;2021;3;130260;sim;Manaus;13
2021-07-01;RREO;AM;1302603;2255903;<MR-7>;DeducoesDaReceitaCorrenteLiquida;DEDUÇÕES (II);60036721.6;7;2021;4;130260;sim;Manaus;13
2021-08-01;RREO;AM;1302603;2255903;<MR-6>;DeducoesDaReceitaCorrenteLiquida;DEDUÇÕES (II);58217307.84;8;2021;4;130260;sim;Manaus;13
2021-09-01;RREO;AM;1302603;2255903;<MR-5>;DeducoesDaReceitaCorrenteLiquida;DEDUÇÕES (II);64416618.5;9;2021;5;130260;sim;Manaus;13
2021-10-01;RREO;AM;1302603;2255903;<MR-4>;DeducoesDaReceitaCorrenteLiquida;DEDUÇÕES (II);62593223.94;10;2021;5;130260;sim;Manaus;13
2021-11-01;RREO;AM;1302603;2255903;<MR-3>;DeducoesDaReceitaCorrenteLiquida;DEDUÇÕES (II);70000713.76;11;2021;6;130260;sim;Manaus;13
2021-12-01;RREO;AM;1302603;2255903;<MR-2>;DeducoesDaReceitaCorrenteLiquida;DEDUÇÕES (II);78821794.07;12;2021;6;130260;sim;Manaus;13
2022-01-01;RREO;AM;1302603;2255903;<MR-1>;DeducoesDaReceitaCorrenteLiquida;DEDUÇÕES (II);74208463.12;1;2022;1;130260;sim;Manaus;13
2022-02-01;RREO;AM;1302603;2255903;<MR>;DeducoesDaReceitaCorrenteLiquida;DEDUÇÕES (II);66311583.16;2;2022;1;130260;sim;Manaus;13
2021-03-01;RREO;AM;1302603;2255903;<MR-11>;ContribuicaoDoServidorParaOPlanoDePrevidencia;Contrib. do Servidor para o Plano de Previdência;9582471.47;3;2021;2;130260;sim;Manaus;13
2021-04-01;RREO;AM;1302603;2255903;<MR-10>;ContribuicaoDoServidorParaOPlanoDePrevidencia;Contrib. do Servidor para o Plano de Previdência;9582425.42;4;2021;2;130260;sim;Manaus;13
2021-05-01;RREO;AM;1302603;2255903;<MR-9>;ContribuicaoDoServidorParaOPlanoDePrevidencia;Contrib. do Servidor para o Plano de Previdência;9580257.86;5;2021;3;130260;sim;Manaus;13
2021-06-01;RREO;AM;1302603;2255903;<MR-8>;ContribuicaoDoServidorParaOPlanoDePrevidencia;Contrib. do Servidor para o Plano de Previdência;9567372.55;6;2021;3;130260;sim;Manaus;13
2021-07-01;RREO;AM;1302603;2255903;<MR-7>;ContribuicaoDoServidorParaOPlanoDePrevidencia;Contrib. do Servidor para o Plano de Previdência;9549645.39;7;2021;4;130260;sim;Manaus;13
2021-08-01;RREO;AM;1302603;2255903;<MR-6>;ContribuicaoDoServidorParaOPlanoDePrevidencia;Contrib. do Servidor para o Plano de Previdência;9973473.92;8;2021;4;130260;sim;Manaus;13
2021-09-01;RREO;AM;1302603;2255903;<MR-5>;ContribuicaoDoServidorParaOPlanoDePrevidencia;Contrib. do Servidor para o Plano de Previdência;12125761.26;9;2021;5;130260;sim;Manaus;13
2021-10-01;RREO;AM;1302603;2255903;<MR-4>;ContribuicaoDoServidorParaOPlanoDePrevidencia;Contrib. do Servidor para o Plano de Previdência;12227654.6;10;2021;5;130260;sim;Manaus;13
2021-11-01;RREO;AM;1302603;2255903;<MR-3>;ContribuicaoDoServidorParaOPlanoDePrevidencia;Contrib. do Servidor para o Plano de Previdência;13259555.23;11;2021;6;130260;sim;Manaus;13
2021-12-01;RREO;AM;1302603;2255903;<MR-2>;ContribuicaoDoServidorParaOPlanoDePrevidencia;Contrib. do Servidor para o Plano de Previdência;26780961.83;12;2021;6;130260;sim;Manaus;13
2022-01-01;RREO;AM;1302603;2255903;<MR-1>;ContribuicaoDoServidorParaOPlanoDePrevidencia;Contrib. do Servidor para o Plano de Previdência;13847266.46;1;2022;1;130260;sim;Manaus;13
2022-02-01;RREO;AM;1302603;2255903;<MR>;ContribuicaoDoServidorParaOPlanoDePrevidencia;Contrib. do Servidor para o Plano de Previdência;13309526.41;2;2022;1;130260;sim;Manaus;13
2021-03-01;RREO;AM;1302603;2255903;<MR-11>;CompensacaoFinanceiraEntreRegimesPrevidencia;Compensações Financ. entre Regimes Previdência;585.52;3;2021;2;130260;sim;Manaus;13
2021-04-01;RREO;AM;1302603;2255903;<MR-10>;CompensacaoFinanceiraEntreRegimesPrevidencia;Compensações Financ. entre Regimes Previdência;7316.04;4;2021;2;130260;sim;Manaus;13
2021-05-01;RREO;AM;1302603;2255903;<MR-9>;CompensacaoFinanceiraEntreRegimesPrevidencia;Compensações Financ. entre Regimes Previdência;6730.52;5;2021;3;130260;sim;Manaus;13
2021-06-01;RREO;AM;1302603;2255903;<MR-8>;CompensacaoFinanceiraEntreRegimesPrevidencia;Compensações Financ. entre Regimes Previdência;7316.04;6;2021;3;130260;sim;Manaus;13
2021-07-01;RREO;AM;1302603;2255903;<MR-7>;CompensacaoFinanceiraEntreRegimesPrevidencia;Compensações Financ. entre Regimes Previdência;7316.04;7;2021;4;130260;sim;Manaus;13
2021-08-01;RREO;AM;1302603;2255903;<MR-6>;CompensacaoFinanceiraEntreRegimesPrevidencia;Compensações Financ. entre Regimes Previdência;7316.04;8;2021;4;130260;sim;Manaus;13
2021-09-01;RREO;AM;1302603;2255903;<MR-5>;CompensacaoFinanceiraEntreRegimesPrevidencia;Compensações Financ. entre Regimes Previdência;7316.04;9;2021;5;130260;sim;Manaus;13
2021-10-01;RREO;AM;1302603;2255903;<MR-4>;CompensacaoFinanceiraEntreRegimesPrevidencia;Compensações Financ. entre Regimes Previdência;7316.04;10;2021;5;130260;sim;Manaus;13
2021-11-01;RREO;AM;1302603;2255903;<MR-3>;CompensacaoFinanceiraEntreRegimesPrevidencia;Compensações Financ. entre Regimes Previdência;7316.04;11;2021;6;130260;sim;Manaus;13
2021-12-01;RREO;AM;1302603;2255903;<MR-2>;CompensacaoFinanceiraEntreRegimesPrevidencia;Compensações Financ. entre Regimes Previdência;14632.08;12;2021;6;130260;sim;Manaus;13
2022-01-01;RREO;AM;1302603;2255903;<MR-1>;CompensacaoFinanceiraEntreRegimesPrevidencia;Compensações Financ. entre Regimes Previdência;7316.04;1;2022;1;130260;sim;Manaus;13
2022-02-01;RREO;AM;1302603;2255903;<MR>;CompensacaoFinanceiraEntreRegimesPrevidencia;Compensações Financ. entre Regimes Previdência;7316.04;2;2022;1;130260;sim;Manaus;13
2022-01-01;RREO;AM;1302603;2255903;<MR-1>;RendimentosDeAplicacoesDeRecursosPrevidenciarios;Rendimentos de Aplicações de Recursos Previdenciários;6493363.38;1;2022;1;130260;sim;Manaus;13
2022-02-01;RREO;AM;1302603;2255903;<MR>;RendimentosDeAplicacoesDeRecursosPrevidenciarios;Rendimentos de Aplicações de Recursos Previdenciários;3624745.19;2;2022;1;130260;sim;Manaus;13
2021-03-01;RREO;AM;1302603;2255903;<MR-11>;DeducaoDeReceitaParaFormacaoDoFUNDEB;Dedução de Receita para Formação do FUNDEB;50856127.58;3;2021;2;130260;sim;Manaus;13
2021-04-01;RREO;AM;1302603;2255903;<MR-10>;DeducaoDeReceitaParaFormacaoDoFUNDEB;Dedução de Receita para Formação do FUNDEB;43904623.21;4;2021;2;130260;sim;Manaus;13
2021-05-01;RREO;AM;1302603;2255903;<MR-9>;DeducaoDeReceitaParaFormacaoDoFUNDEB;Dedução de Receita para Formação do FUNDEB;52883359.1;5;2021;3;130260;sim;Manaus;13
2021-06-01;RREO;AM;1302603;2255903;<MR-8>;DeducaoDeReceitaParaFormacaoDoFUNDEB;Dedução de Receita para Formação do FUNDEB;48374982.87;6;2021;3;130260;sim;Manaus;13
2021-07-01;RREO;AM;1302603;2255903;<MR-7>;DeducaoDeReceitaParaFormacaoDoFUNDEB;Dedução de Receita para Formação do FUNDEB;50479760.17;7;2021;4;130260;sim;Manaus;13
2021-08-01;RREO;AM;1302603;2255903;<MR-6>;DeducaoDeReceitaParaFormacaoDoFUNDEB;Dedução de Receita para Formação do FUNDEB;48236517.88;8;2021;4;130260;sim;Manaus;13
2021-09-01;RREO;AM;1302603;2255903;<MR-5>;DeducaoDeReceitaParaFormacaoDoFUNDEB;Dedução de Receita para Formação do FUNDEB;52283541.2;9;2021;5;130260;sim;Manaus;13
2021-10-01;RREO;AM;1302603;2255903;<MR-4>;DeducaoDeReceitaParaFormacaoDoFUNDEB;Dedução de Receita para Formação do FUNDEB;50358253.3;10;2021;5;130260;sim;Manaus;13
2021-11-01;RREO;AM;1302603;2255903;<MR-3>;DeducaoDeReceitaParaFormacaoDoFUNDEB;Dedução de Receita para Formação do FUNDEB;56733842.49;11;2021;6;130260;sim;Manaus;13
2021-12-01;RREO;AM;1302603;2255903;<MR-2>;DeducaoDeReceitaParaFormacaoDoFUNDEB;Dedução de Receita para Formação do FUNDEB;52026200.16;12;2021;6;130260;sim;Manaus;13
2022-01-01;RREO;AM;1302603;2255903;<MR-1>;DeducaoDeReceitaParaFormacaoDoFUNDEB;Dedução de Receita para Formação do FUNDEB;53860517.24;1;2022;1;130260;sim;Manaus;13
2022-02-01;RREO;AM;1302603;2255903;<MR>;DeducaoDeReceitaParaFormacaoDoFUNDEB;Dedução de Receita para Formação do FUNDEB;49369995.52;2;2022;1;130260;sim;Manaus;13
2021-03-01;RREO;AM;1302603;2255903;<MR-11>;RREO3ReceitaCorrenteLiquida;RECEITA CORRENTE LÍQUIDA (III) = (I - II);457704688.36;3;2021;2;130260;sim;Manaus;13
2021-04-01;RREO;AM;1302603;2255903;<MR-10>;RREO3ReceitaCorrenteLiquida;RECEITA CORRENTE LÍQUIDA (III) = (I - II);538296064.76;4;2021;2;130260;sim;Manaus;13
2021-05-01;RREO;AM;1302603;2255903;<MR-9>;RREO3ReceitaCorrenteLiquida;RECEITA CORRENTE LÍQUIDA (III) = (I - II);502464960.7;5;2021;3;130260;sim;Manaus;13
2021-06-01;RREO;AM;1302603;2255903;<MR-8>;RREO3ReceitaCorrenteLiquida;RECEITA CORRENTE LÍQUIDA (III) = (I - II);502356910.52;6;2021;3;130260;sim;Manaus;13
2021-07-01;RREO;AM;1302603;2255903;<MR-7>;RREO3ReceitaCorrenteLiquida;RECEITA CORRENTE LÍQUIDA (III) = (I - II);501659017.9;7;2021;4;130260;sim;Manaus;13
2021-08-01;RREO;AM;1302603;2255903;<MR-6>;RREO3ReceitaCorrenteLiquida;RECEITA CORRENTE LÍQUIDA (III) = (I - II);473778261.12;8;2021;4;130260;sim;Manaus;13
2021-09-01;RREO;AM;1302603;2255903;<MR-5>;RREO3ReceitaCorrenteLiquida;RECEITA CORRENTE LÍQUIDA (III) = (I - II);499017674.84;9;2021;5;130260;sim;Manaus;13
2021-10-01;RREO;AM;1302603;2255903;<MR-4>;RREO3ReceitaCorrenteLiquida;RECEITA CORRENTE LÍQUIDA (III) = (I - II);495266687.3;10;2021;5;130260;sim;Manaus;13
2021-11-01;RREO;AM;1302603;2255903;<MR-3>;RREO3ReceitaCorrenteLiquida;RECEITA CORRENTE LÍQUIDA (III) = (I - II);551761929.91;11;2021;6;130260;sim;Manaus;13
2021-12-01;RREO;AM;1302603;2255903;<MR-2>;RREO3ReceitaCorrenteLiquida;RECEITA CORRENTE LÍQUIDA (III) = (I - II);661160520.3;12;2021;6;130260;sim;Manaus;13
2022-01-01;RREO;AM;1302603;2255903;<MR-1>;RREO3ReceitaCorrenteLiquida;RECEITA CORRENTE LÍQUIDA (III) = (I - II);515619094.17;1;2022;1;130260;sim;Manaus;13
2022-02-01;RREO;AM;1302603;2255903;<MR>;RREO3ReceitaCorrenteLiquida;RECEITA CORRENTE LÍQUIDA (III) = (I - II);495381244.97;2;2022;1;130260;sim;Manaus;13
2021-11-01;RREO;AM;1302603;2255903;<MR-3>;RREO3TransferenciasObrigatoriasDaUniaoRelativasAsEmendasIndividuais;(-) Transferências obrigatórias da União relativas às emendas individuais (art. 166-A, § 1º, da CF)  (IV);94134.0;11;2021;6;130260;sim;Manaus;13
2021-12-01;RREO;AM;1302603;2255903;<MR-2>;RREO3TransferenciasObrigatoriasDaUniaoRelativasAsEmendasIndividuais;(-) Transferências obrigatórias da União relativas às emendas individuais (art. 166-A, § 1º, da CF)  (IV);839993.0;12;2021;6;130260;sim;Manaus;13
2021-03-01;RREO;AM;1302603;2255903;<MR-11>;RREO3ReceitaCorrenteLiquidaAjustadaParaCalculoDosLimitesDeEndividamento;RECEITA CORRENTE LÍQUIDA AJUSTADA PARA CÁLCULO DOS LIMITES DE ENDIVIDAMENTO (V) = (III - IV);457704688.36;3;2021;2;130260;sim;Manaus;13
2021-04-01;RREO;AM;1302603;2255903;<MR-10>;RREO3ReceitaCorrenteLiquidaAjustadaParaCalculoDosLimitesDeEndividamento;RECEITA CORRENTE LÍQUIDA AJUSTADA PARA CÁLCULO DOS LIMITES DE ENDIVIDAMENTO (V) = (III - IV);538296064.76;4;2021;2;130260;sim;Manaus;13
2021-05-01;RREO;AM;1302603;2255903;<MR-9>;RREO3ReceitaCorrenteLiquidaAjustadaParaCalculoDosLimitesDeEndividamento;RECEITA CORRENTE LÍQUIDA AJUSTADA PARA CÁLCULO DOS LIMITES DE ENDIVIDAMENTO (V) = (III - IV);502464960.7;5;2021;3;130260;sim;Manaus;13
2021-06-01;RREO;AM;1302603;2255903;<MR-8>;RREO3ReceitaCorrenteLiquidaAjustadaParaCalculoDosLimitesDeEndividamento;RECEITA CORRENTE LÍQUIDA AJUSTADA PARA CÁLCULO DOS LIMITES DE ENDIVIDAMENTO (V) = (III - IV);502356910.52;6;2021;3;130260;sim;Manaus;13
2021-07-01;RREO;AM;1302603;2255903;<MR-7>;RREO3ReceitaCorrenteLiquidaAjustadaParaCalculoDosLimitesDeEndividamento;RECEITA CORRENTE LÍQUIDA AJUSTADA PARA CÁLCULO DOS LIMITES DE ENDIVIDAMENTO (V) = (III - IV);501659017.9;7;2021;4;130260;sim;Manaus;13
2021-08-01;RREO;AM;1302603;2255903;<MR-6>;RREO3ReceitaCorrenteLiquidaAjustadaParaCalculoDosLimitesDeEndividamento;RECEITA CORRENTE LÍQUIDA AJUSTADA PARA CÁLCULO DOS LIMITES DE ENDIVIDAMENTO (V) = (III - IV);473778261.12;8;2021;4;130260;sim;Manaus;13
2021-09-01;RREO;AM;1302603;2255903;<MR-5>;RREO3ReceitaCorrenteLiquidaAjustadaParaCalculoDosLimitesDeEndividamento;RECEITA CORRENTE LÍQUIDA AJUSTADA PARA CÁLCULO DOS LIMITES DE ENDIVIDAMENTO (V) = (III - IV);499017674.84;9;2021;5;130260;sim;Manaus;13
2021-10-01;RREO;AM;1302603;2255903;<MR-4>;RREO3ReceitaCorrenteLiquidaAjustadaParaCalculoDosLimitesDeEndividamento;RECEITA CORRENTE LÍQUIDA AJUSTADA PARA CÁLCULO DOS LIMITES DE ENDIVIDAMENTO (V) = (III - IV);495266687.3;10;2021;5;130260;sim;Manaus;13
2021-11-01;RREO;AM;1302603;2255903;<MR-3>;RREO3ReceitaCorrenteLiquidaAjustadaParaCalculoDosLimitesDeEndividamento;RECEITA CORRENTE LÍQUIDA AJUSTADA PARA CÁLCULO DOS LIMITES DE ENDIVIDAMENTO (V) = (III - IV);551667795.91;11;2021;6;130260;sim;Manaus;13
2021-12-01;RREO;AM;1302603;2255903;<MR-2>;RREO3ReceitaCorrenteLiquidaAjustadaParaCalculoDosLimitesDeEndividamento;RECEITA CORRENTE LÍQUIDA AJUSTADA PARA CÁLCULO DOS LIMITES DE ENDIVIDAMENTO (V) = (III - IV);660320527.3;12;2021;6;130260;sim;Manaus;13
2022-01-01;RREO;AM;1302603;2255903;<MR-1>;RREO3ReceitaCorrenteLiquidaAjustadaParaCalculoDosLimitesDeEndividamento;RECEITA CORRENTE LÍQUIDA AJUSTADA PARA CÁLCULO DOS LIMITES DE ENDIVIDAMENTO (V) = (III - IV);515619094.17;1;2022;1;130260;sim;Manaus;13
2022-02-01;RREO;AM;1302603;2255903;<MR>;RREO3ReceitaCorrenteLiquidaAjustadaParaCalculoDosLimitesDeEndividamento;RECEITA CORRENTE LÍQUIDA AJUSTADA PARA CÁLCULO DOS LIMITES DE ENDIVIDAMENTO (V) = (III - IV);495381244.97;2;2022;1;130260;sim;Manaus;13
2021-03-01;RREO;AM;1302603;2255903;<MR-11>;RREO3ReceitaCorrenteLiquidaAjustadaParaCalculoDosLimitesDaDespesaComPessoal;RECEITA CORRENTE LÍQUIDA AJUSTADA PARA CÁLCULO DOS LIMITES DA DESPESA COM PESSOAL (VII) = (V - VI);457704688.36;3;2021;2;130260;sim;Manaus;13
2021-04-01;RREO;AM;1302603;2255903;<MR-10>;RREO3ReceitaCorrenteLiquidaAjustadaParaCalculoDosLimitesDaDespesaComPessoal;RECEITA CORRENTE LÍQUIDA AJUSTADA PARA CÁLCULO DOS LIMITES DA DESPESA COM PESSOAL (VII) = (V - VI);538296064.76;4;2021;2;130260;sim;Manaus;13
2021-05-01;RREO;AM;1302603;2255903;<MR-9>;RREO3ReceitaCorrenteLiquidaAjustadaParaCalculoDosLimitesDaDespesaComPessoal;RECEITA CORRENTE LÍQUIDA AJUSTADA PARA CÁLCULO DOS LIMITES DA DESPESA COM PESSOAL (VII) = (V - VI);502464960.7;5;2021;3;130260;sim;Manaus;13
2021-06-01;RREO;AM;1302603;2255903;<MR-8>;RREO3ReceitaCorrenteLiquidaAjustadaParaCalculoDosLimitesDaDespesaComPessoal;RECEITA CORRENTE LÍQUIDA AJUSTADA PARA CÁLCULO DOS LIMITES DA DESPESA COM PESSOAL (VII) = (V - VI);502356910.52;6;2021;3;130260;sim;Manaus;13
2021-07-01;RREO;AM;1302603;2255903;<MR-7>;RREO3ReceitaCorrenteLiquidaAjustadaParaCalculoDosLimitesDaDespesaComPessoal;RECEITA CORRENTE LÍQUIDA AJUSTADA PARA CÁLCULO DOS LIMITES DA DESPESA COM PESSOAL (VII) = (V - VI);501659017.9;7;2021;4;130260;sim;Manaus;13
2021-08-01;RREO;AM;1302603;2255903;<MR-6>;RREO3ReceitaCorrenteLiquidaAjustadaParaCalculoDosLimitesDaDespesaComPessoal;RECEITA CORRENTE LÍQUIDA AJUSTADA PARA CÁLCULO DOS LIMITES DA DESPESA COM PESSOAL (VII) = (V - VI);473778261.12;8;2021;4;130260;sim;Manaus;13
2021-09-01;RREO;AM;1302603;2255903;<MR-5>;RREO3ReceitaCorrenteLiquidaAjustadaParaCalculoDosLimitesDaDespesaComPessoal;RECEITA CORRENTE LÍQUIDA AJUSTADA PARA CÁLCULO DOS LIMITES DA DESPESA COM PESSOAL (VII) = (V - VI);499017674.84;9;2021;5;130260;sim;Manaus;13
2021-10-01;RREO;AM;1302603;2255903;<MR-4>;RREO3ReceitaCorrenteLiquidaAjustadaParaCalculoDosLimitesDaDespesaComPessoal;RECEITA CORRENTE LÍQUIDA AJUSTADA PARA CÁLCULO DOS LIMITES DA DESPESA COM PESSOAL (VII) = (V - VI);495266687.3;10;2021;5;130260;sim;Manaus;13
2021-11-01;RREO;AM;1302603;2255903;<MR-3>;RREO3ReceitaCorrenteLiquidaAjustadaParaCalculoDosLimitesDaDespesaComPessoal;RECEITA CORRENTE LÍQUIDA AJUSTADA PARA CÁLCULO DOS LIMITES DA DESPESA COM PESSOAL (VII) = (V - VI);551667795.91;11;2021;6;130260;sim;Manaus;13
2021-12-01;RREO;AM;1302603;2255903;<MR-2>;RREO3ReceitaCorrenteLiquidaAjustadaParaCalculoDosLimitesDaDespesaComPessoal;RECEITA CORRENTE LÍQUIDA AJUSTADA PARA CÁLCULO DOS LIMITES DA DESPESA COM PESSOAL (VII) = (V - VI);660320527.3;12;2021;6;130260;sim;Manaus;13
2022-01-01;RREO;AM;1302603;2255903;<MR-1>;RREO3ReceitaCorrenteLiquidaAjustadaParaCalculoDosLimitesDaDespesaComPessoal;RECEITA CORRENTE LÍQUIDA AJUSTADA PARA CÁLCULO DOS LIMITES DA DESPESA COM PESSOAL (VII) = (V - VI);515619094.17;1;2022;1;130260;sim;Manaus;13
2022-02-01;RREO;AM;1302603;2255903;<MR>;RREO3ReceitaCorrenteLiquidaAjustadaParaCalculoDosLimitesDaDespesaComPessoal;RECEITA CORRENTE LÍQUIDA AJUSTADA PARA CÁLCULO DOS LIMITES DA DESPESA COM PESSOAL (VII) = (V - VI);495381244.97;2;2022;1;130260;sim;Manaus;13
